Parameter,median_value,upper_95,lower_95,upper_50,lower_50
beta[1],4.282628988434968e-5,1.563416213706749e-4,1.0303054948974518e-5,6.737691895255285e-5,2.6602231393306805e-5
beta[2],3.899040053062404e-5,1.512379410774635e-4,8.795243253354869e-6,6.506449527345065e-5,2.4436301316843707e-5
beta[3],6.520337290869655e-5,1.8137867101389709e-4,2.518739866910374e-5,9.886651607776304e-5,4.629590770193787e-5
beta[4],2.405693569743573e-4,7.023961923631547e-4,7.50966501840253e-5,3.652005148478283e-4,1.5252226578767555e-4
beta[5],3.945473251432574e-5,9.153321065096875e-5,1.9771339738786306e-5,5.398530071883879e-5,3.0397681404050576e-5
beta[6],2.6800754741295314e-5,7.912600525541172e-5,9.669295521568759e-6,4.1400906675755664e-5,1.7525315950520215e-5
beta[7],2.7658706735913127e-5,5.399809375677586e-5,1.2370253943315354e-5,3.586383978882088e-5,1.9417295945959644e-5
beta[8],4.306361263194701e-5,1.0003281311593622e-4,1.4375089569428867e-5,6.220887196783959e-5,2.8584452795112978e-5
beta[9],3.84080514280803e-5,2.073937709967533e-4,5.759321353347047e-6,9.358809902267596e-5,2.0536452721835532e-05
beta[10],2.6706320086872587e-5,9.085671568965005e-5,5.8217521106141396e-6,4.1000505862735876e-5,1.5627766275618487e-5
beta[11],2.2948541018020742e-5,1.2129372743076967e-4,4.108072721138093e-6,4.910610003381392e-5,1.2740386923252342e-5
beta[12],1.9567123201897927e-5,1.477577960668995e-4,3.9845227011697765e-6,4.3231590980865285e-5,1.1017693824812138e-5
beta[13],1.6198380239231912e-5,1.10439557944357e-4,2.8041109231842092e-6,2.9920717782847402e-5,8.327205053360964e-6
beta[14],1.7354158749694763e-5,9.131229040705657e-5,2.669323482398779e-6,3.17874145136938e-5,9.431673818700213e-6
beta[15],8.130700535019208e-6,8.110620640683826e-5,5.343382904424899e-7,1.8739951750351007e-5,3.1119364577038647e-6
beta[16],1.2230462653862476e-5,1.1016168252252165e-4,1.6294803098070257e-6,2.447392039873676e-5,6.3922366052384975e-6
beta[17],1.1272416070398729e-5,8.331749796684238e-5,1.5418095230992718e-6,2.2513566378099374e-5,5.64736158693847e-6
beta[18],6.590874898634199e-6,5.4054438065404665e-5,4.836942405947703e-7,1.4310459123762243e-5,2.9606072700085876e-6
beta[19],1.1284702939287901e-5,8.872810975164288e-5,1.1362106184406153e-6,2.2649637136563783e-5,5.4368200405951804e-6
beta[20],4.865349523708602e-6,4.2585951347643675e-5,3.93824488360764e-7,1.0682687880987426e-5,2.0786946690252443e-6
beta[21],5.857163814000118e-6,6.398879230429431e-5,3.593477838017953e-7,1.2514905124698767e-5,2.5416764024385347e-6
beta[22],6.490446127521301e-6,6.389207887836057e-5,5.394417275067544e-7,1.4459354244117345e-5,2.828255172624482e-6
beta[23],7.806953454717372e-6,7.105476871566438e-5,7.04350667551363e-7,1.713652291620874e-5,3.3846967408467115e-6
beta[24],1.5029521279007542e-5,1.0442786960381178e-4,1.7672319021792524e-6,2.9974038217556274e-5,7.705413575630169e-6
beta[25],8.316142982642446e-6,5.1891485478199317e-5,1.0088380183819795e-6,1.6521690692001243e-5,4.177618041253394e-6
beta[26],9.653294158173638e-6,8.372964851506547e-5,1.2154534658577775e-6,2.0371563465147064e-5,4.715411977989772e-6
beta[27],1.8955211646975774e-5,2.4909790641438435e-4,1.8635782279853178e-6,4.3921283586277875e-5,8.208802144422974e-6
beta[28],8.146179811351389e-5,6.060755001552692e-4,1.424443575289929e-5,1.5996102013203804e-4,4.239303638151119e-5
beta[29],7.311665803941308e-5,3.325893399240853e-4,1.2882543909848162e-5,1.2511319887034109e-4,4.3924545925575255e-5
beta[30],1.4626928820434817e-4,6.08040077325666e-4,2.3893784335642834e-5,2.812172522012508e-4,7.219916880249495e-5
beta[31],3.067287146017434e-4,0.0011408932025549407,1.306016601989794e-4,4.4681835718263067e-4,2.2200641640362603e-4
beta[32],9.674061057117202e-5,3.03345505744437e-4,3.833324001234945e-5,1.8440322624959724e-4,6.207601796710628e-5
beta[33],7.422515354057026e-6,2.4787446615995964e-5,1.2083733901495754e-6,1.2544155979643691e-5,3.8889803974703e-6
beta[34],2.6853427676689976e-5,1.1704050656857323e-4,3.8183766175689714e-6,4.727483249707695e-5,1.304294122346588e-5
beta[35],1.6449917123653508e-5,1.1990002596578895e-4,3.2047677192860863e-6,3.388069897270007e-5,9.175481902336965e-6
beta[36],2.595154634240023e-5,0.00011334119199539521,5.017408328071762e-6,4.343447923739351e-5,1.4378963853582517e-5
beta[37],2.1407761573012424e-5,2.781656529401327e-4,3.757900164644261e-6,4.01023581583807e-5,1.1906960145204925e-5
beta[38],3.416453817522928e-5,2.506125040808826e-4,4.931834283852209e-6,6.195488271897575e-5,1.886786783254971e-5
beta[39],2.4327310384801634e-5,1.3138368450281998e-4,3.913639741640013e-6,4.30503767588219e-5,1.342503604467633e-5
beta[40],1.538432821629623e-5,9.742433949147544e-5,2.228088143589345e-6,2.8552511104585555e-5,8.393279489076728e-6
beta[41],7.913994919024462e-6,5.254553103987446e-5,7.469854942502089e-7,1.6342177868775305e-5,3.876048263618151e-6
beta[42],8.554395444930006e-6,5.701068307235424e-5,8.95925823786834e-7,1.7434983103253047e-5,4.023982578128179e-6
beta[43],9.687105734140357e-6,1.380613864409871e-4,8.797910876364902e-7,2.7764001769665242e-5,3.91478641474834e-6
beta[44],3.910548938594484e-5,2.2330747107199232e-4,5.984289623286567e-6,8.210081414214972e-5,2.0480403347880656e-5
beta[45],4.893377028418577e-6,4.958176369060756e-5,5.043094656395974e-7,1.1075707894438283e-5,2.1296004156910707e-6
beta[46],1.6058225103558777e-5,1.1901742939925933e-4,1.9353203570912974e-6,3.3007468853222154e-5,7.816301321160361e-6
beta[47],4.964292748260639e-6,4.57958007083545e-5,5.260748211329363e-7,1.0808898744465262e-5,2.3193215257980275e-6
beta[48],7.0520328317160255e-6,7.042118064068188e-5,6.429685419319154e-7,1.5783379356386705e-5,3.136653466883256e-6
beta[49],1.607073128979303e-5,1.2891478418246828e-4,2.0641465683424307e-6,3.072521351021329e-5,8.153695214049042e-6
beta[50],6.819696895154003e-6,8.421524886052239e-5,6.482759963218735e-7,1.696990742418689e-5,2.959139761174943e-6
beta[51],1.0999007379260042e-5,7.435638096316031e-5,1.3135812131995442e-6,2.271686368816336e-5,5.065628197271934e-6
beta[52],1.6559677257883088e-5,2.0946788994940493e-4,1.2202769705357558e-6,3.642421754159447e-5,6.320745131087248e-6
beta[53],7.18067098813684e-5,4.487748031672932e-4,1.028879938669777e-5,1.3802280336498599e-4,3.529406088485557e-5
beta[54],4.0879084417236994e-5,2.3902492474995248e-4,8.860751688879134e-6,7.039851003255903e-5,2.4626761409233912e-5
beta[55],3.1358325305570994e-5,1.5838726859141047e-4,5.50854876512231e-6,6.16319085676676e-5,1.8183085009475267e-5
beta[56],3.0973340712714176e-5,1.6276590159758266e-4,5.368960953066528e-6,5.2636945805172234e-5,1.818959969224942e-5
beta[57],4.131931630367616e-5,2.2282527940360868e-4,7.846154979613904e-6,7.272345800518597e-5,2.375084704527281e-5
beta[58],5.719058840202472e-5,2.6485380901999185e-4,1.087227410879735e-5,9.994606739575381e-5,3.0642921227928965e-5
beta[59],7.426324321358712e-5,1.8585995058278636e-4,2.7379970643032326e-5,1.0794119423944017e-4,4.9574444431903656e-5
beta[60],5.482019259842845e-4,0.0011826795138879542,2.4709233713843563e-4,7.11789618329665e-4,4.2339941171155675e-4
beta[61],7.018619266836403e-6,3.4964512439265025e-5,1.7516551511050966e-6,1.1250399528716289e-5,4.837852234555243e-6
beta[62],1.114739594838579e-5,5.663497459069833e-5,1.0837153349365165e-6,2.9461591782224672e-5,4.012166086996829e-6
beta[63],1.5274239372955085e-5,5.681909985635732e-5,1.4381579044992864e-6,2.5793840917209417e-5,7.63290652955131e-6
beta[64],1.8616198500179153e-5,8.859853725104711e-5,1.8885501390479993e-6,3.5858002880594324e-5,9.64166873202139e-6
beta[65],2.2447875120835407e-5,1.1188284388879825e-4,3.5817215735472453e-6,4.0332213453689965e-5,1.2711283989297821e-5
beta[66],1.7048953898522945e-5,1.3232131237517268e-4,2.4977061335050548e-6,3.122967248228334e-5,9.094268979303938e-6
beta[67],2.0990659323716057e-5,1.128378988263264e-4,3.3876738286251693e-6,3.680915240790105e-5,1.1736462430502013e-5
beta[68],2.4636867909272838e-5,1.8308437888771078e-4,4.2462298364697724e-6,4.538343503406617e-5,1.2751184517961356e-5
beta[69],8.583272096704813e-6,5.144002703316871e-5,1.0053750700316351e-6,1.663868527619651e-5,4.605322483996493e-6
beta[70],4.921593490713501e-6,4.64459521046923e-5,4.828544111602343e-7,1.0107462007467226e-5,2.4032337114454564e-6
beta[71],5.824957113280101e-6,7.136242644899386e-5,5.654217286436501e-7,1.4672518312916815e-5,2.6247928413791803e-6
beta[72],1.4316491555054371e-5,1.2142318369293866e-4,1.310841473798237e-6,3.099872101226938e-5,6.376780897277951e-6
beta[73],6.755154531307853e-6,6.51163405925346e-5,5.581420564047945e-7,1.5828390376031307e-5,2.847559706575121e-6
beta[74],3.432663064266458e-5,3.594194424853e-4,4.277915235214616e-6,6.942073844812597e-5,1.710120874254732e-5
beta[75],7.5556205304043175e-6,5.156167193976705e-5,6.382631593024597e-7,1.6391039102255172e-5,3.448333145123835e-6
beta[76],1.9849746552204332e-5,1.4205927703120068e-4,2.7031302344459995e-6,3.8888656916966216e-5,9.306154242458633e-6
beta[77],1.4647497603512139e-5,1.191628119125341e-4,2.169917557983102e-6,2.9533961793925478e-5,7.3816151992668335e-6
beta[78],2.2622434040280298e-5,1.5540442339350896e-4,2.4341885909294038e-6,4.2988089344036065e-5,1.1408972946855826e-5
beta[79],4.0083569100955254e-5,6.722863885225362e-4,4.99313301401789e-6,9.714151567665861e-5,2.0219224475689607e-5
beta[80],5.5118353330683244e-5,0.0011797454462867602,5.2152648621367845e-6,1.4541639296431494e-4,2.4294303183859445e-5
beta[81],5.31873137594899e-5,7.772967350953561e-4,2.8563783096783195e-6,1.2400443077069569e-4,1.5531319353713204e-5
beta[82],3.4264835915992536e-5,5.14127468911404e-4,5.881302271401792e-6,2.001112091692983e-4,1.4673155449162889e-5
beta[83],0.0011231134064342836,0.005150482888315807,1.1221461300129123e-4,0.0028801777144364152,5.147219931922885e-4
beta[84],2.9041368200485453e-5,5.882624153563089e-4,3.844835288981853e-6,2.3122490717301242e-4,1.608799982167334e-5
beta[85],9.361557991083058e-6,1.4240072550442882e-4,1.5958668306137474e-6,1.653660562335038e-5,5.176522358981381e-6
beta[86],1.2620690823615937e-5,1.0394573544739416e-4,2.104735582966968e-6,2.8805349435095815e-5,6.2195413748135115e-6
beta[87],3.5292233793941374e-5,1.9535552584650903e-4,2.9158763891685067e-6,6.862803880804957e-5,1.6116316535611e-5
beta[88],3.0504888007536368e-5,2.105368959581163e-4,6.430621988107502e-6,5.533229978555279e-5,1.812491183645989e-5
beta[89],2.3042350489356976e-5,1.3923725464936763e-4,3.7486602780407596e-6,4.755486900543947e-5,1.1812468413832485e-5
beta[90],2.465137879511657e-5,1.4561495344529168e-4,4.102615525340609e-6,4.6924479471674515e-5,1.3472252017806633e-5
beta[91],1.8124516474881632e-5,1.2700120928043363e-4,2.8451571602528426e-6,3.452314240050976e-5,9.510498994450937e-6
beta[92],1.696738975100379e-5,1.0985292172149282e-4,2.63951026696847e-6,3.132856851554825e-5,8.772365479462681e-6
beta[93],7.695177359707543e-6,6.288309960604199e-5,8.113949489972259e-7,1.5969815156624884e-5,3.5399675616698544e-6
beta[94],8.169841661185177e-6,6.973748032613309e-5,9.891389848449877e-7,1.7434661294166253e-5,3.904265416886521e-6
beta[95],6.6025420841146075e-6,6.00987232816503e-5,8.22784244670717e-7,1.3565696333541371e-5,3.197917464405807e-6
beta[96],5.84605938445822e-6,4.234286823450115e-5,6.682859353022683e-7,1.1777318640554806e-5,2.7218416464024546e-6
beta[97],5.4518663427989904e-6,4.5997121313611995e-5,5.330336455386259e-7,1.0971199075805276e-5,2.679553349012972e-6
beta[98],6.481208633394027e-6,4.497260319964907e-5,5.407363668278164e-7,1.3163144719923119e-5,2.9134430083389835e-6
beta[99],5.594081488763425e-6,4.218476820807854e-5,4.432412676593928e-7,1.238357585482534e-5,2.3571099364530604e-6
beta[100],5.105344649839708e-6,6.233373284580172e-5,3.7299690215116134e-7,1.165715242682726e-5,2.0204097052296795e-6
beta[101],7.676924406199983e-6,5.726096117832803e-5,8.123648173314176e-7,1.545629287948595e-5,3.6576832418292904e-6
beta[102],9.411488745404833e-6,7.219283411951923e-5,9.20458235026035e-7,1.9831098850815744e-5,4.249137175427084e-6
beta[103],1.7013241147000068e-5,1.0534923934389615e-4,2.500546263593903e-6,3.2579478920065e-5,9.295047470649255e-6
beta[104],8.333553802692889e-6,8.229526035125984e-5,6.797396114875201e-7,1.871071073155235e-5,3.7731995964657868e-6
beta[105],1.79195085025761e-5,1.1665004373441933e-4,2.7804467898930153e-6,3.2754230051534244e-5,9.395818218887644e-6
beta[106],2.4347968722577533e-5,1.2483300885429572e-4,2.7390061082015516e-6,4.287840958569948e-5,1.3107458250100543e-5
beta[107],4.427569361635637e-5,2.2155316574924008e-4,7.29302495464282e-6,7.764738320288805e-5,2.5387351984510053e-5
beta[108],2.854317745360437e-5,1.8030559786139853e-4,3.992514006228176e-6,5.399379542345839e-5,1.4724968160328883e-5
beta[109],9.023791486695071e-5,2.805644940888408e-4,2.0100475882614616e-5,1.4268714686424113e-4,5.4012007928997706e-5
beta[110],3.5147580779576194e-4,0.0032467375811593385,4.2070245293494875e-5,0.0012812502871835541,1.0804507379809929e-4
beta[111],2.782667218951359e-4,0.0020285225822533294,4.934093499888449e-5,8.674903980742263e-4,1.0325683488123559e-4
beta[112],8.409465042446558e-6,4.062064160158348e-5,3.4392389842014668e-6,1.1845775624546868e-5,5.633228732972968e-6
beta[113],3.239825719983356e-5,1.1486302337212696e-4,8.702229369972582e-6,4.9058136749165245e-5,1.754870654828069e-5
beta[114],2.0930654545027734e-5,9.12299699179774e-5,4.723523349241623e-6,3.3931890376058063e-5,1.1673090851646628e-5
beta[115],2.378849171902997e-5,1.270969616487993e-4,4.367530161341418e-6,4.2404490440497014e-5,1.3420430128076946e-5
beta[116],2.745591369930081e-5,1.3227902356602718e-4,5.790287409863104e-6,4.6143643308821024e-5,1.5811412765437818e-5
beta[117],2.436398230919677e-5,1.383160063778581e-4,4.738971343576012e-6,4.235766720509561e-5,1.4143637064018326e-5
beta[118],1.5008923697237567e-5,7.943313550437409e-5,2.8177966101450994e-6,2.6180212795113192e-5,8.23288049052765e-6
beta[119],1.0130546369012485e-5,6.787601518525832e-5,1.1265017491321264e-6,1.9432238621818146e-5,5.148460258526314e-6
beta[120],1.5192098594139901e-5,8.465711115714695e-5,2.1291698970386173e-6,2.66818869082946e-5,7.515878132177945e-6
beta[121],7.341982515122964e-6,7.661158938731427e-5,5.836786553415703e-7,1.7482502269120886e-5,2.898033754232403e-6
beta[122],1.8101941191626197e-5,1.2856019922974474e-4,1.7326608645309582e-6,3.583790736121119e-5,9.10331999908191e-6
beta[123],8.847620706259816e-6,7.05510288836924e-5,1.1581905790983604e-6,1.7728312110069462e-5,4.298762189968457e-6
beta[124],4.937876120641351e-6,4.938042556585772e-5,3.68648007956361e-7,1.0946512565554382e-5,2.091376978639658e-6
beta[125],1.1755876097591175e-5,8.270613830256634e-5,1.1021669524988494e-6,2.431986013882856e-5,5.72157630225476e-6
beta[126],5.543510161048962e-6,6.07864696444167e-5,5.429941031000523e-7,1.220082563164912e-5,2.58325246991442e-6
beta[127],6.936882267970392e-6,6.50830003425916e-5,5.372845704947797e-7,1.5078383905804013e-5,2.715281349652876e-6
beta[128],8.59521658139146e-6,9.131814766642944e-5,3.4052258000510604e-7,1.8587445391023925e-5,3.502889230183214e-6
beta[129],1.4423442811702983e-5,1.9618653948183686e-4,1.2177575978987594e-6,3.469300942739464e-5,5.985520450257653e-6
beta[130],2.5232164002628096e-5,1.6457664012461105e-4,3.0951758359243524e-6,4.8300222524838584e-5,1.304084256899165e-5
beta[131],3.6747277399415625e-5,2.3250935754341135e-4,6.653692201748289e-6,7.025152443039524e-5,2.028818600597532e-5
beta[132],3.585850841382143e-5,1.9151671730727223e-4,5.202339677963641e-6,6.314951929115954e-5,1.88459595045593e-5
beta[133],3.201784345848824e-5,1.7017896480735407e-4,7.79581681365909e-6,5.700134744817332e-5,1.9082435191295108e-5
beta[134],6.406716559646289e-5,2.1918302189158354e-4,1.241517651542484e-5,1.0074266427684335e-4,4.073975450995795e-5
beta[135],6.313028097796694e-5,2.2950400902105702e-4,1.2180487729659828e-5,1.0118353086733387e-4,3.828717078613684e-5
beta[136],4.6229066761613206e-5,1.5329398838342728e-4,6.275712063112389e-6,8.08771425646316e-5,2.6952905551239827e-5
beta[137],8.654311313234812e-5,2.1196742123757244e-4,3.0193719369000587e-5,1.185845747023339e-4,5.4822323533806785e-5
beta[138],2.3151143159502865e-4,4.553528183635045e-4,1.2892701249727964e-4,2.83331281461104e-4,1.9430193261672714e-4
beta[139],1.1723424058621364e-5,3.013042982266934e-5,1.5486196403768022e-6,1.9010246162921236e-5,6.6912120990560375e-6
beta[140],1.050986737047302e-5,1.0280182102749413e-4,1.040906833281483e-6,1.9038943834008012e-5,6.155390402960421e-6
beta[141],1.6372208148301026e-5,9.591593714014324e-5,4.232045557472656e-6,2.713423096830642e-5,9.878587926131406e-6
beta[142],2.783167611141651e-5,1.8970914351749228e-4,5.986148237475152e-6,4.949840467141146e-5,1.5212670317290875e-5
beta[143],2.0186017608147992e-5,9.144985332299375e-5,3.5006760273926986e-6,3.6233497886972383e-5,1.109751499576725e-5
beta[144],2.2972156352348274e-5,1.2652809584313244e-4,4.288591813883264e-6,4.0760348135443775e-5,1.2608466437524798e-5
beta[145],2.443218040293776e-5,1.2748619226908298e-4,4.7314033339003345e-06,4.596035980015609e-5,1.3644019218654754e-5
beta[146],2.820049350731047e-5,1.1430862868257462e-4,6.487487278678665e-6,4.8613717429147154e-5,1.6731095447268307e-5
beta[147],1.807539617087086e-5,1.2015427783433962e-4,2.8188602898578988e-6,3.21668772109656e-5,9.66570496989316e-6
beta[148],2.8670897574332047e-5,1.5721397610463304e-4,3.724066689537028e-6,5.6146444207906794e-5,1.5696158561532868e-5
beta[149],2.0422498507325828e-5,1.2453960096742045e-4,3.131702672783193e-6,3.780638973579421e-5,1.1107900858519398e-5
beta[150],1.2174805147864117e-5,7.251044673201558e-5,1.316262572533918e-6,2.235795765406248e-5,6.095707930417079e-6
beta[151],8.778028311234995e-6,5.5959914952137435e-5,1.0402477189809356e-6,1.6604343145579682e-5,4.430458214917449e-6
beta[152],6.532253448336646e-6,6.394566743412617e-5,6.074015194367542e-7,1.3842193256128049e-5,2.847655011679589e-6
beta[153],1.8992187452924304e-5,1.496698021822566e-4,2.012262474646777e-6,4.003447099979005e-5,8.69783998621838e-6
beta[154],2.811657743330049e-5,1.933988803567723e-4,5.129930789695997e-6,4.9794877272307334e-5,1.52701280581756e-5
beta[155],2.8227786893704472e-5,1.8979205749585103e-4,3.830921636598036e-6,5.58732502018636e-5,1.5500374211810913e-5
eta,0.7354787815826974,0.9640944150544761,0.5593026289856331,0.8063571289505866,0.6701604849794103
gamma[1],-10.202739668644332,-8.841707222974263,-11.659606737108776,-9.750629420775724,-10.695480096899361
gamma[2],-10.39817155573365,-9.027490866236853,-11.900232983300992,-9.896634119716161,-10.887911583632967
gamma[3],-9.979590620707576,-8.94937853763838,-10.960714985940774,-9.560956774412073,-10.32696763966683
gamma[4],-8.763528141912825,-7.709155169022784,-9.884302241553295,-8.302746421053097,-9.191176242483733
gamma[5],-10.59104865701871,-9.757030848963804,-11.244529333584465,-10.292830656388498,-10.85117999263472
gamma[6],-11.002197563719086,-9.776961979941541,-12.118223600929303,-10.544495687784424,-11.476375160683741
gamma[7],-10.970265869018165,-10.305959465254185,-11.810506113826955,-10.691317811630643,-11.303816393176145
gamma[8],-10.491438659185945,-9.477669671488314,-11.710829505494626,-10.114490477642203,-10.961411546925591
gamma[9],-10.613518078082144,-8.99132339267183,-12.247157198873605,-9.756962538700346,-11.151818118834836
gamma[10],-10.909434705242898,-9.455510204696015,-12.45290905093917,-10.372280196155288,-11.412304137911736
gamma[11],-10.87410504407092,-9.069750874869612,-12.667284852727041,-10.106477866698791,-11.530199504880322
gamma[12],-10.898829506180931,-8.962024137437437,-12.659802458717587,-10.208121385439668,-11.488605332878507
gamma[13],-10.96813800415333,-9.127461739614592,-12.840973901867862,-10.363326310421723,-11.659831271313504
gamma[14],-10.78040797573519,-9.077086466424674,-12.592885637187718,-10.168252318930342,-11.38645202842763
gamma[15],-11.345112504160111,-8.99531296482303,-14.149581437076415,-10.496576607063002,-12.325871044899664
gamma[16],-10.749904880350334,-8.59910127597555,-12.705060350607212,-10.076181591817264,-11.382186390345776
gamma[17],-10.639414897822704,-8.634359229617125,-12.68255572940892,-9.982788778113715,-11.309245097062306
gamma[18],-11.033294325280497,-9.028015646717499,-13.438236953094322,-10.246340631122784,-11.775447909006946
gamma[19],-10.322085243676476,-8.485120310135205,-12.607622035873618,-9.698863994381796,-11.023569688826814
gamma[20],-11.186913228141577,-9.076521816046217,-13.524895618507966,-10.460579653856293,-12.008192742556076
gamma[21],-11.10696726430885,-8.844323924955901,-13.366569232521872,-10.411031322789114,-11.881347257905695
gamma[22],-11.117646429591026,-9.166680746636313,-13.504102311133579,-10.415832943552214,-11.924917353799346
gamma[23],-11.167695159343765,-9.155232746454532,-13.56585271204487,-10.444943001226054,-11.947217136784003
gamma[24],-10.71799354885317,-8.970822256324903,-12.72629066177542,-10.098242950192684,-11.37532083150786
gamma[25],-11.52774876212086,-9.756039441008786,-13.533413768718097,-10.885907350423352,-12.153534504193036
gamma[26],-11.547035091403519,-9.451935617809916,-13.573569057694208,-10.785273871554267,-12.253012541482228
gamma[27],-11.018950470684658,-8.474533836779143,-13.258343825888142,-10.169435724360628,-11.842892729094316
gamma[28],-9.678579757705645,-7.666198749689931,-11.41301601896538,-8.98757597427515,-10.327811832662988
gamma[29],-9.8738465285729191,-8.359019998362808,-11.62709858552083,-9.327149834544251,-10.389106939263272
gamma[30],-9.22772537799207,-7.7184080382673494,-11.09483856995802,-8.580636883018448,-9.97718933606998
gamma[31],-8.529194791996181,-7.261277484185217,-9.431466862983264,-8.174239657996669,-8.85931796351947
gamma[32],-9.699542069084043,-8.600716846470563,-10.628410925421043,-9.148947238382565,-10.080917203746363
gamma[33],-12.277989069314646,-11.09130106827354,-14.210113913748046,-11.660592537855091,-12.99627253181712
gamma[34],-11.00836782546229,-9.483651256485055,-12.826960072089326,-10.374439017023853,-11.732175952415563
gamma[35],-11.395852104261584,-9.414891479103966,-12.987840105955952,-10.741370768709803,-11.967405145625449
gamma[36],-10.891534429215273,-9.379469526291311,-12.527359997261449,-10.391332696545392,-11.443086596734467
gamma[37],-10.971596676207902,-8.526495667943816,-12.806138423246173,-10.290198714105353,-11.5545611030447
gamma[38],-10.369297594527595,-8.510909105116946,-12.462969578872524,-9.768050391361399,-10.989718158190575
gamma[39],-10.599665542148143,-8.762553564929233,-12.56884600740582,-9.978157517618982,-11.221030341817077
gamma[40],-10.883201687462776,-9.061629802757176,-12.843616179146128,-10.258095472901005,-11.496625815040993
gamma[41],-11.361468181296008,-9.433099310045364,-13.783157278709098,-10.640225377339132,-12.11020002840061
gamma[42],-11.099286975711593,-9.20017460836457,-13.331098049653946,-10.407402533228321,-11.874381452736397
gamma[43],-10.796677450958924,-8.189125460372173,-13.150734158916888,-9.780210444627073,-11.670321455868205
gamma[44],-9.198094992801586,-7.546602070596824,-11.067901388112912,-8.50553246041813,-9.874468280245146
gamma[45],-11.211268516098738,-9.057426738090452,-13.258547570445625,-10.463566087258052,-11.940841452661129
gamma[46],-9.982941275290596,-8.125793052376663,-11.922258753712317,-9.323773950535768,-10.642768075771068
gamma[47],-11.224609053288436,-9.29100138756321,-13.424482037072616,-10.53698382617046,-11.917691764483106
gamma[48],-11.078460460724354,-8.781661332485273,-13.34801591898694,-10.369438879867872,-11.826525685656701
gamma[49],-10.440992985151386,-8.554238202441736,-12.361087100724136,-9.836003098067291,-11.120805917153938
gamma[50],-11.514910371427831,-9.181652886780181,-13.887625813046045,-10.648001733643207,-12.291339754995855
gamma[51],-11.24846581895035,-9.35817025498553,-13.423185380059248,-10.548916388205456,-11.9912332307176
gamma[52],-11.015932561321243,-8.60486203216792,-13.524381004301366,-10.228849220116317,-11.93162437719523
gamma[53],-9.685087568319263,-7.85646509005505,-11.632600272369116,-9.03100185728308,-10.407450106185621
gamma[54],-10.357891267954379,-8.583146102841157,-11.86384654824659,-9.826925411169647,-10.864546865826478
gamma[55],-10.7157794750023,-9.114726893652891,-12.443273109430748,-10.052609941651465,-11.242453077916476
gamma[56],-10.79963349496882,-9.09742776884945,-12.549518027388675,-10.247385611909712,-11.343184920320706
gamma[57],-10.53194050824554,-8.861375496302937,-12.244135118658717,-9.988836852743264,-11.085912570142407
gamma[58],-10.266493269539566,-8.703994897590414,-11.941602512963144,-9.662043011445297,-10.866269279552778
gamma[59],-9.973473794382379,-9.099087125531007,-10.92844315200276,-9.607329111835448,-10.36362883298926
gamma[60],-8.001544998015127,-7.14260836127707,-8.731279288561158,-7.594433805801975,-8.254776599516305
gamma[61],-12.258978175764671,-10.60407008354798,-13.496157963229003,-11.774865569928245,-12.681326312559733
gamma[62],-11.652356057485061,-10.070891257312102,-14.087238481945748,-10.749710112289659,-12.805472069839649
gamma[63],-11.346814338012459,-9.95481253353668,-13.65678035225127,-10.766177994313683,-12.016434556186772
gamma[64],-10.998304538367147,-9.352630517581657,-13.369949693071975,-10.340004194185978,-11.667108517113705
gamma[65],-10.66976686214733,-9.097202492480923,-12.465979633362327,-10.101613528670885,-11.227419044626771
gamma[66],-10.791748228809181,-8.604746752962168,-12.76753657550971,-10.153947462266776,-11.460367579797582
gamma[67],-10.401409923067058,-8.714680523400727,-12.210466927861175,-9.846748727954385,-10.9997268631441
gamma[68],-10.068242867217563,-8.116679772311759,-11.757963221487776,-9.452718644538148,-10.685862737436386
gamma[69],-10.93437984413392,-9.057244391884943,-12.990586666837078,-10.264904740590785,-11.553495142891402
gamma[70],-11.280686852240013,-9.19653014934416,-13.537519009285317,-10.597685338443707,-12.002751686118913
gamma[71],-10.979637801964213,-8.753589682073214,-13.195186985930807,-10.168681949949438,-11.764247320791387
gamma[72],-10.093322649226513,-8.172475007202971,-12.274438421340902,-9.370054462425287,-10.88211169976964
gamma[73],-10.936101603196168,-8.913551342225633,-13.237317838664223,-10.203228524501181,-11.688718068782066
gamma[74],-9.514219771363944,-6.9435294562521195,-11.515758561321217,-8.856233159902487,-10.156609667686455
gamma[75],-11.24360891130074,-9.310398712627084,-13.5776355557921,-10.532557001145346,-11.948423453994101
gamma[76],-10.479195033221416,-8.646280730033515,-12.39800529519866,-9.802223290526268,-11.175406452640184
gamma[77],-10.964241569114089,-8.837651745356899,-12.846355939390946,-10.309838066020536,-11.616108640359796
gamma[78],-10.710908513028624,-8.763559483940044,-12.893392917606516,-10.069404674642794,-11.37273848019149
gamma[79],-10.27517831725314,-7.278867554811575,-12.357106252684275,-9.38444303402008,-10.979246088685265
gamma[80],-10.049199838822421,-6.954126920884342,-12.405086685567417,-9.07107705247023,-10.887202812836549
gamma[81],-10.201287764722052,-7.484756164552659,-13.146564801662574,-9.320046677261526,-11.387622910031968
gamma[82],-10.696876588486592,-7.918130753129443,-12.520015237261912,-8.907213733244724,-11.554540127813594
gamma[83],-7.208689848093562,-5.774716574194395,-9.557099173805051,-6.330053736990218,-8.041570605021525
gamma[84],-10.972233842305538,-7.806605601261156,-12.844751423945958,-8.936056112659404,-11.428380379139853
gamma[85],-12.06889372719327,-9.218603710273035,-13.770370873968321,-11.500294536622913,-12.653183829252814
gamma[86],-11.694106816660035,-9.598879809875324,-13.628779060326607,-10.844456868145963,-12.488407577934366
gamma[87],-10.688063944253308,-8.8713188329838,-13.156356467647399,-9.916517442104961,-11.42259613175899
gamma[88],-10.700678000582656,-8.877332284774758,-12.261400196937382,-10.105401902599409,-11.264156330154979
gamma[89],-10.884171057460001,-8.878805499594806,-12.845471368167527,-10.15530467434845,-11.612348208467267
gamma[90],-10.730869238984644,-8.908578937342279,-12.476275335712735,-10.088150698895138,-11.332140375309098
gamma[91],-10.898662093791204,-8.823696975647382,-12.805710711213983,-10.235564128102707,-11.55603157602677
gamma[92],-10.79885174403973,-8.958497762085601,-12.61639512510481,-10.180513198080067,-11.448138193251264
gamma[93],-11.413443717269296,-9.35963591917926,-13.60206819548935,-10.658583423816712,-12.166684125875868
gamma[94],-11.134907797237775,-9.101389130348455,-13.257938975960492,-10.402188731445772,-11.895320618435381
gamma[95],-11.195038750000819,-9.063989211688659,-13.236456838541464,-10.43652228285286,-11.901381883731535
gamma[96],-11.114772088104267,-9.33935702543411,-13.230101906607414,-10.455580531506179,-11.862184172800097
gamma[97],-11.108400603774687,-9.050940383144258,-13.150368776853288,-10.447397091697773,-11.79688487971848
gamma[98],-10.922484925556525,-9.104037176407191,-13.059995471547468,-10.285025499729912,-11.606556781912229
gamma[99],-11.12601820089393,-9.356954489184393,-13.362992286032433,-10.456178042160069,-11.888961119744481
gamma[100],-11.406364954025294,-9.107578322362569,-13.680075540169447,-10.692452951968276,-12.207282292527967
gamma[101],-11.214435104827789,-9.202526134434699,-13.303884339876822,-10.53637152782284,-11.908017260342932
gamma[102],-11.22619855490472,-9.252097220779973,-13.371030593753193,-10.497190668998478,-11.990125088075917
gamma[103],-10.786168451332511,-9.137308130644115,-12.61129810976917,-10.167681505727668,-11.415274697447122
gamma[104],-11.69548358846583,-9.450441042199987,-14.129712381189288,-10.927129085125983,-12.441340309897912
gamma[105],-11.069826767912144,-9.22332998093734,-12.910951700756566,-10.482834274292392,-11.702469253612563
gamma[106],-10.886229269542554,-9.19812067070483,-13.100966533047409,-10.303991473355238,-11.508254967519674
gamma[107],-10.36436217563672,-8.768840419833039,-12.175599802198322,-9.804353427050344,-10.932594558654012
gamma[108],-10.885494544926864,-8.996873521672338,-12.836332313589857,-10.223875407829683,-11.563450337784161
gamma[109],-9.763816109745077,-8.55146315109879,-11.293717808874588,-9.285767295739193,-10.28981952263797
gamma[110],-8.349512037138947,-6.182240339455695,-10.486035061991618,-7.067182474103168,-9.684700104828867
gamma[111],-8.690930054528074,-6.713574071800461,-10.253419109329304,-7.598781794038246,-9.564321968106318
gamma[112],-12.163140763555779,-10.374958556863309,-13.040038287688862,-11.821297135088912,-12.55195027143256
gamma[113],-10.773610907691499,-9.309266697372518,-12.01882686246524,-10.352020201650552,-11.330966511570846
gamma[114],-11.12405905970008,-9.644051924267389,-12.653570388452298,-10.655816020281485,-11.638833408398067
gamma[115],-10.88700302763906,-9.114294791636084,-12.665368139874186,-10.288680357116501,-11.486038748837974
gamma[116],-10.584136215349698,-9.007433525250121,-12.207502255650843,-10.080586660921423,-11.184169918845198
gamma[117],-10.59793050689586,-8.819958708631694,-12.1914020723387,-10.057292358600108,-11.144176020383115
gamma[118],-10.914280164189764,-9.255914553849527,-12.667185546093606,-10.31912859437901,-11.545618769215132
gamma[119],-11.125590566104517,-9.303931349115208,-13.321713248103713,-10.459678796446578,-11.8293331976536
gamma[120],-10.530562316040136,-8.76405211685028,-12.544073335040741,-9.965880486032177,-11.262529961853279
gamma[121],-11.114562403337018,-8.713108938827562,-13.413361009218088,-10.259103518708248,-12.00583253824207
gamma[122],-10.012809416418484,-8.058985683719191,-12.286926410569627,-9.3640226760234,-10.67914777630623
gamma[123],-10.613197887505457,-8.700326328875969,-12.516417267754518,-9.94809037651718,-11.246982626914194
gamma[124],-11.226626800408498,-8.9701524761498,-13.386450035232654,-10.458060574036686,-11.972046092465987
gamma[125],-10.431748841695526,-8.548158891933333,-12.315697804944337,-9.764061383254397,-11.09483936103104
gamma[126],-11.30368513183874,-9.172565677723806,-13.309281505359642,-10.611586913505342,-12.02869877722988
gamma[127],-11.378171864619267,-9.094389673020787,-13.650671000557871,-10.597352372241662,-12.133793272415113
gamma[128],-11.341439515332807,-9.073315007643846,-14.173926276721664,-10.560672040705306,-12.157960789681113
gamma[129],-10.951143741734796,-8.568764057916937,-13.348287386739672,-10.128185913585542,-11.79290423208151
gamma[130],-10.574266654895865,-8.726898195654034,-12.728489869913538,-9.95812978508093,-11.245043552701752
gamma[131],-10.338194277848729,-8.481555918390226,-12.051576026247464,-9.706073243297585,-10.951775755858153
gamma[132],-10.488110830644597,-8.785503490048203,-12.448590730188613,-9.938187808143566,-11.134740010543437
gamma[133],-10.667485359884827,-9.014183977602697,-12.181654235165777,-10.101885233246888,-11.23031683559595
gamma[134],-10.057692511006774,-8.799040283031983,-11.69629050757841,-9.612081959140225,-10.527333354707626
gamma[135],-10.135771309144781,-8.805541077879505,-11.801477480577164,-9.62848950934803,-10.66384666716193
gamma[136],-10.430364430768373,-9.311267808763095,-12.541637698919816,-9.898881750715864,-10.94460549300292
gamma[137],-9.834025150347422,-8.98248509998407,-10.851827325274929,-9.514804706573106,-10.271376559347688
gamma[138],-8.819570380222952,-8.183832583523323,-9.295198226469578,-8.611086715057846,-9.013185058729471
gamma[139],-11.75087342541203,-10.732000051495964,-13.920493893850558,-11.226025172584428,-12.346236358494034
gamma[140],-11.724442682311565,-9.620023949319892,-14.16389202467388,-11.142934116006497,-12.330020275397462
gamma[141],-11.236664861981719,-9.375372641368829,-12.685762616481613,-10.730048302537941,-11.747630922456214
gamma[142],-10.594256647636705,-8.766594065128182,-12.142676031794117,-10.003652488029598,-11.215649569056978
gamma[143],-10.803619589028841,-9.20646078200028,-12.519060151227492,-10.185455174368554,-11.406817145684318
gamma[144],-10.50045060987981,-8.772057602758638,-12.183075634382291,-9.915494715359245,-11.096960604815283
gamma[145],-10.252043542371315,-8.548162293427986,-11.919594240873714,-9.58621953816815,-10.860133624177575
gamma[146],-9.915173744801148,-8.49246583654842,-11.418366543216418,-9.374276835565947,-10.425322069466905
gamma[147],-10.176429700389397,-8.389286370978361,-12.048379662505955,-9.588774038954988,-10.776978508251533
gamma[148],-9.534940348707744,-7.798848209639252,-11.491917089596022,-8.853384575111164,-10.214272715336019
gamma[149],-9.76997846782966,-8.100221570345845,-11.528278381160371,-9.123190008741332,-10.378234343679756
gamma[150],-10.302349640194926,-8.388811515658363,-12.452408335561913,-9.612518908149674,-10.992459918452278
gamma[151],-10.702800413363038,-9.03501133620614,-12.461452767309373,-10.102312585270449,-11.309746442863188
gamma[152],-11.167552377447311,-9.04506185179733,-13.385747949911341,-10.484544873388355,-11.882007583251973
gamma[153],-10.332952424283192,-8.402472223454456,-12.271294797745691,-9.598788029294028,-11.026511313476414
gamma[154],-10.11819220758645,-8.2678807910425,-11.882508232720546,-9.53724834232429,-10.708027918506128
gamma[155],-10.288151572870019,-8.467031754385928,-12.223266477571253,-9.642714451779607,-10.921429184628387
gamma[156],-10.66451423647344,-8.167896183651743,-13.138022727111105,-9.809982670309548,-11.500537569882287
gamma0,-10.788559463712858,-10.314599055994222,-11.07582219189639,-10.670420722048899,-10.905394591129548
I[1],99,124,76,107,91
I[2],163,608,40,258,101
I[3],261,549,80,367,179
I[4],724,1821,222,957,435
I[5],5731,8850,3611.9750000000004,6805.25,4808
I[6],7540,13734.024999999994,3695.9750000000004,8731,6141
I[7],5333,9347.024999999994,2430.9750000000004,7025,3680
I[8],3113,6042,1564,4138,2481
I[9],2679,6955.049999999988,1090,4016,1898
I[10],1966,5857,636,3757,1446
I[11],1066,3714,291,1602.25,644
I[12],507,1436,128,882,290
I[13],220,881.0249999999942,49,383,133
I[14],74,456,14,153,40
I[15],32,155,7,56,19
I[16],6,113,1e-6,16,2
I[17],4,35,1,8,2
I[18],3,18,1,5,1
I[19],1,11,1e-6,3,1e-6
I[20],2,10,1,4,1
I[21],1e-6,8,1e-6,2,1e-6
I[22],1e-6,8,1e-6,1,1e-6
I[23],1,7,1e-6,2,1e-6
I[24],1,11,1e-6,3,1e-6
I[25],3,14,1,5,2
I[26],1,15,1e-6,4,1e-6
I[27],1,17,1e-6,4,1e-6
I[28],4,41,1e-6,10,2
I[29],33,122,8,54,20
I[30],118,365,27,200,70
I[31],716.5,2282,247,1105,421
I[32],9660,20403.04999999999,3397.9750000000004,11953.25,6786
I[33],21692,28804.024999999994,13416.975,26863.25,17179
I[34],2307,6698.024999999994,380,3437,1183
I[35],772,3168.024999999994,67,1550,298
I[36],173,898,28,311,95
I[37],68,275,15,120,38
I[38],26,414,4,56,13
I[39],21,114,5,40,12
I[40],13,58,2,22,7
I[41],5,41,1,10,3
I[42],1,17,1e-6,3,1e-6
I[43],1,11,1e-6,2,1e-6
I[44],1,19,1e-6,3,1e-6
I[45],7,29,2,11,4
I[46],1,13,1e-6,3,1e-6
I[47],3,13,1,5,2
I[48],1,7,1e-6,2,1e-6
I[49],1,8,1e-6,2,1e-6
I[50],2,21,1,4,1
I[51],1,17,1e-6,3,1e-6
I[52],2,17,1e-6,4,1e-6
I[53],3,32,1e-6,8,1
I[54],21,85,6,36,13
I[55],46,177,10,79,26
I[56],70,266,16,109,44
I[57],95,454,26,157,53
I[58],180,569,53,315,112
I[59],499,1273,137,787,297
I[60],1613,2930,796,1941,1238
I[61],27049,30994.024999999994,17982.9,28954,23539
I[62],3436,13556.074999999983,847.9750000000004,5375,2360
I[63],540,3985,80,1963,225
I[64],136,1431,25,292,73
I[65],51,568,9,89,27
I[66],26,131,6,46,15
I[67],12,66,2,22,7
I[68],8,38,2,15,5
I[69],9,49,2,15,5
I[70],3,17,1,6,2
I[71],1,10,1e-6,2,1e-6
I[72],1,9,1e-6,2,1e-6
I[73],2,14,1,4,1
I[74],1,13,1e-6,3,1e-6
I[75],7,35,2,13,4
I[76],3,25,1e-6,7,1
I[77],5,26,1,9,3
I[78],5,37,1,10,3
I[79],8,67,1,16,4
I[80],24,407,3,54,10
I[81],69,1012.0249999999942,7,234,33
I[82],194,532,35,371,97
I[83],360,2123.024999999994,43,727,207
I[84],23910,33425,2071,29673.25,5276.75
I[85],11101,32357.024999999994,1507.9750000000004,26602,6244
I[86],1387,9097.049999999988,115,3101.25,568
I[87],206,1952,38,503,100
I[88],104,467,26,186,58
I[89],54,258,11,107,29
I[90],24,107,4,44,13
I[91],13,68,3,25,7
I[92],6,51,1,12,3
I[93],3,41,1,7,2
I[94],1,18,1e-6,3,1e-6
I[95],1,8,1e-6,2,1e-6
I[96],1e-6,6,1e-6,1,1e-6
I[97],1e-6,4,1e-6,1,1e-6
I[98],1e-6,5,1e-6,1,1e-6
I[99],1e-6,4,1e-6,1,1e-6
I[100],1e-6,5,1e-6,1,1e-6
I[101],1e-6,5,1e-6,1,1e-6
I[102],1,7,1e-6,2,1e-6
I[103],1,11,1e-6,3,1e-6
I[104],3,14,1,5,2
I[105],2,22,1e-6,4,1e-6
I[106],4,25,1,8,2
I[107],8,38,1,13,4
I[108],22,103,5,37,13
I[109],32,379,6,55,18
I[110],143,812,41,276,83
I[111],3224.5,10654.024999999994,557,7205,1078
I[112],26101,32959,13701.975,28641.25,22487.75
I[113],3929,12051,1636,5273.25,2681
I[114],2019,4450.024999999994,686,2933,1300
I[115],600,2144,201,1025,413.75
I[116],260,837,89,392,179
I[117],135,476,33,234,80
I[118],66,303,16,123,40
I[119],22,188,4,42,12
I[120],6,75.02499999999418,1,13,3
I[121],4,31,1,8,2
I[122],1,23,1e-6,4,1e-6
I[123],3,18,1,5,2
I[124],2,10,1,4,1
I[125],1,9,1e-6,2,1e-6
I[126],2,9,1,3,1
I[127],1,9,1e-6,2,1e-6
I[128],1,15,1e-6,2,1e-6
I[129],1,22,1e-6,3,1e-6
I[130],2,34,1e-6,6,1
I[131],7,45,1,14,4
I[132],18,102,3,35,10
I[133],33,142,9,56,20
I[134],57,191,17,92,34
I[135],171,578,47,264,109
I[136],464,1642,144,882,264
I[137],958.5,2796.024999999994,222.97500000000036,1349,758
I[138],4096,6490,1948,4765,2761
I[139],26130.5,30923,20817.975,28677,24122
I[140],5553.5,13060.024999999994,670,8582.25,3054.75
I[141],900,2199,190,1299,559
I[142],232,1025.0249999999942,65,374,139
I[143],119,689,26,210,68
I[144],49,245,10,86,27
I[145],26,129,7,43,16
I[146],18,70,5,29,11
I[147],16,70,4,26,10
I[148],10,62,2,18,6
I[149],13,53,3,23,7
I[150],11,47,3,19,6
I[151],6,30,1,10,3
I[152],3,16,1,5,1
I[153],1,14,1e-6,3,1e-6
I[154],3,37,1,7,2
I[155],9,58,2,15,5
I[156],15,107,3,27,8
I0,99,124,76,107,91
Iobs[1],43.10299263131673,51.79421471495584,34.91431901791253,46.0204413644401,40.2382583979954
Iobs[2],70.9992140449137,266.6146919795738,17.580312128015365,112.15936089119253,44.20372722789905
Iobs[3],114.80035541495236,242.54546278717672,34.64773907230069,160.12350710059482,77.69519117504106
Iobs[4],315.681814138278,788.6439607416318,95.42629297111124,421.5810325894273,190.8461319124357
Iobs[5],2494.229475805321,3941.871949859011,1518.5882859090934,3021.800425694825,2082.2304885471694
Iobs[6],3298.0115216830354,6031.123303815254,1526.506646683313,3930.2447336517093,2644.3133943278763
Iobs[7],2337.2062012841143,4194.139243663734,1065.41757208258,3053.3754026665065,1622.1731257413796
Iobs[8],1366.1335820444265,2672.402565042155,667.2972319682623,1807.0226138777884,1070.738447254632
Iobs[9],1174.0168172177223,3027.1452372556146,481.7609405902055,1762.559055692824,827.5883400370001
Iobs[10],865.3780300161214,2634.8233254866527,277.3375478413232,1618.1585488119317,624.8667018298963
Iobs[11],463.4333069636044,1660.9761238782362,125.47765601802658,704.0828062790391,281.14500680269254
Iobs[12],222.51926293793053,634.5238252865357,55.58398579818065,388.8607310831467,125.04919818774543
Iobs[13],96.07605781914462,397.15336373080675,21.367519596914914,166.64411307442595,58.05435634779735
Iobs[14],32.25225029881922,199.60799275116005,6.026937708435828,66.49707634108739,17.485534578446355
Iobs[15],13.942351023813409,68.86249456060393,3.299892474115682,24.623100929458786,8.23893373947095
Iobs[16],2.783040560588223,50.22174889996143,4.234864744757673e-7,6.998421287815393,0.9311651187462061
Iobs[17],1.8607161974258686,15.6520595101483,0.4120373337767506,3.7210541962703507,0.9191544682858375
Iobs[18],1.246332824362005,7.666297837647303,0.39953784241787454,2.335854308280682,0.49236815431875763
Iobs[19],0.44165666557831174,4.763063972024604,3.9221732233043203e-7,1.2523619332929568,4.531810268097677e-7
Iobs[20],0.8784821015257565,4.352140315686843,0.391185907217855,1.5138187289558247,0.452932310522479
Iobs[21],5.139684305205416e-7,3.7053678753319925,3.873045800202185e-7,0.830246224159839,4.3888573249094e-7
Iobs[22],4.868949689519796e-7,3.3642252534963024,3.857914120560931e-7,0.4893139584845895,4.365097108413325e-7
Iobs[23],0.39125941482516485,2.9081506245001645,3.8803750696306633e-7,0.8592963273347468,4.4116537266220143e-7
Iobs[24],0.43454958100500995,4.634394602380814,3.932199494467848e-7,1.1011502280854661,4.5189966342349224e-7
Iobs[25],1.27296423454625,6.132243033972207,0.4041653738621067,2.104091982782931,0.8090246534655117
Iobs[26],0.4925717130159341,6.384224599578855,3.9690999332164525e-7,1.6642277010582416,4.694891819916441e-7
Iobs[27],0.5194435001116426,7.333824918730389,3.972494678269206e-7,1.6561594341548516,4.777466999419993e-7
Iobs[28],1.8308919791765361,17.937637199556107,4.1833887245322336e-7,4.256769435922083,0.7535452090371615
Iobs[29],14.232747638087684,53.42600861644799,3.5729844816832204,23.598775747980465,8.611776873431277
Iobs[30],51.781695679717295,160.12092277649003,11.642726884011577,86.71276839191117,30.581206702764966
Iobs[31],311.2602566744183,972.3604639109484,106.32927962171318,486.7882658905229,185.21800513584316
Iobs[32],4170.808400869504,9139.082499341106,1429.8210545059185,5248.668879045028,2983.805196555074
Iobs[33],9635.700710136207,13463.661692325519,5759.617839740654,11704.398950644574,7546.216014751829
Iobs[34],1001.6375706552619,2977.1166827052584,168.0812102049365,1482.044052180118,519.531137233359
Iobs[35],342.2543970895539,1358.7287484152841,28.898167681085635,676.1489330854065,130.97579347143062
Iobs[36],75.71644170878758,387.7403506224014,12.173661231562816,134.15297099380976,42.11969946399618
Iobs[37],29.911994813017316,118.85317103339308,6.759046659117034,51.91180766010318,16.792807512329173
Iobs[38],11.314402733123751,173.25553924922335,1.8104180727936892,24.298295750562584,5.672245733284501
Iobs[39],9.061768467071252,50.05168346755063,2.0993349448310057,17.646699359627416,5.155745331421659
Iobs[40],5.557401266750288,25.80077818849734,0.9441700760493842,9.693164999044146,3.084313876048348
Iobs[41],2.3867628229502484,17.6702877725674,0.4356043416353044,4.35274685406187,1.3408963673561436
Iobs[42],0.45884142474713735,7.538117456194968,3.948681415927351e-7,1.4421563201597476,4.5974794564050046e-7
Iobs[43],0.40774237868652397,4.612597803745617,3.880177526533807e-7,0.8862993072746103,4.428242788642759e-7
Iobs[44],0.44385602897417936,8.567693285292197,3.9265782112534474e-7,1.3397668599147772,4.5368859009207333e-7
Iobs[45],2.9049893986316926,13.042825677545789,0.8547664323192818,4.716654625118285,1.8041078805498245
Iobs[46],0.46008525319953575,5.9279138629153945,3.917979858456366e-7,1.3738377722717892,4.617989281139967e-7
Iobs[47],1.3490880518969004,5.837129337494614,0.407266243670942,2.328288931441913,0.8568979294356848
Iobs[48],0.41411031986527175,3.1318924358127225,3.889173122426751e-7,0.878260444669956,4.451009342742187e-7
Iobs[49],0.4197284416074164,3.463325040382891,3.8951347498027737e-7,0.8942845566578372,4.45654814055505e-7
Iobs[50],1.0361123292973402,8.975101979592097,0.39523563469427525,1.9304176009493663,0.4771783531799435
Iobs[51],0.4587142968861441,7.237753872115641,3.937418388241028e-7,1.4388891771141226,4.585190745441642e-7
Iobs[52],0.814387848038948,7.326674747517803,3.974280330467038e-7,1.796783588384982,4.81386527024002e-7
Iobs[53],1.3785977474414874,14.350248618930596,4.0866674806591756e-7,3.4654199157888814,0.45150349725175304
Iobs[54],9.29284765471167,37.04199195106046,2.6950241194883415,15.630275374197662,5.848387341135668
Iobs[55],19.94466069371532,77.76259700856406,4.520896063295615,34.32270504723206,11.562681331842576
Iobs[56],30.390699974107683,118.41945637413008,6.920878585767643,48.16557554218706,18.95086605459212
Iobs[57],41.51272127069734,198.20875750351757,11.286018725335879,69.21423659699421,23.413659910234603
Iobs[58],78.27200889556053,253.2646314317358,22.60905659179982,138.52117441684118,48.840403673617296
Iobs[59],216.1385288095065,565.223512844818,60.69102336985596,339.2339939746402,128.92902324446047
Iobs[60],704.5074128034078,1257.5974457875548,347.22656845087954,859.0923106779828,542.1278477950711
Iobs[61],11594.48507463614,14544.643561835586,7696.3451621522545,12711.79820757633,10251.487254201245
Iobs[62],1499.6832086484364,5878.198641945369,369.4504404498763,2345.070526738947,1039.3023268235868
Iobs[63],235.79552518214786,1727.207475106256,35.207548202580185,869.6695810885168,97.97940414135056
Iobs[64],58.88157267289154,623.0190022288131,11.019358390931462,126.66112331950032,31.7838893451931
Iobs[65],22.24549799562707,246.82244654437434,3.9757112608947285,38.715800196503324,11.97990570367456
Iobs[66],11.242368669092631,57.453032762860964,2.5441521340241526,19.854388712325903,6.569667172938926
Iobs[67],5.294747754500685,28.780649283570614,0.8729053126822046,9.490985689701445,2.860294090721569
Iobs[68],3.7025920725923385,16.63530331693343,0.8020581783024376,6.641424660410866,2.142878841985904
Iobs[69],3.7164822846485652,21.546264101882862,0.8775061694542224,6.402352795493422,2.24407115126578
Iobs[70],1.3066303283309155,7.592290722239281,0.40176108423287743,2.435065743865731,0.7805159210204082
Iobs[71],0.3979474164012604,4.1910340708460705,3.880916032264624e-7,0.8582436500636388,4.4126473740993647e-7
Iobs[72],0.3988491136923642,4.019795320616233,3.88524441979361e-7,0.8651682980548707,4.417345472543879e-7
Iobs[73],1.0203487825802582,5.943817683673082,0.39834317479538883,1.897045077832866,0.48298644908089267
Iobs[74],0.470712053813294,5.49964216858405,3.97427130125968e-7,1.426521509546491,4.664193736495149e-7
Iobs[75],3.1684416091215146,15.874705311209299,0.8535206538028767,5.473006698860085,1.8955390042174982
Iobs[76],1.2348867200237348,10.768577680528065,4.076707096555167e-7,2.864592556151372,0.43074450000154885
Iobs[77],2.353881155422063,11.167359575487433,0.44055134058900197,4.074518680120144,1.3419535129649551
Iobs[78],2.268517378984467,16.80488364133642,0.41940818207256736,4.266022427133291,1.2297304674149299
Iobs[79],3.5692347165269416,29.261509945886672,0.45741703341163514,7.066996621893408,1.8607916965314701
Iobs[80],10.27163991999839,176.80296478640403,1.237029204556159,23.524041601070145,4.528063541940101
Iobs[81],30.77043813078876,444.35315197800475,2.9872797771049218,103.05173660028251,14.015237318045962
Iobs[82],84.78032412711198,238.81476413477856,14.575003546007794,162.7007858349281,41.98626611675688
Iobs[83],159.74638099208119,902.6106587176538,18.780051658760133,310.5550369640447,93.1406259275265
Iobs[84],10371.845970063185,15005.770546184198,921.3222965517513,12679.419160125204,2220.083807704692
Iobs[85],4934.814342172641,14503.693152419715,617.9656458198575,11406.106338299383,2711.754252487993
Iobs[86],605.6583379876179,4121.084493174402,50.35338626563969,1364.945881968693,247.83037264165563
Iobs[87],90.17959297904059,855.6181701143718,16.767485607911237,215.59440254992495,43.81360719899472
Iobs[88],45.394599922228934,204.39455139050526,11.190644476757365,81.47692793116593,25.15096255648248
Iobs[89],23.338947758109217,111.7548689137511,4.978225378940089,46.300364483411954,12.69732687163724
Iobs[90],10.400342474720837,46.51162300802211,1.9749660188157339,18.984829657967815,5.672975946073464
Iobs[91],5.605690763588257,29.857893889208423,1.1473100200208504,10.90917220792937,3.117704076418066
Iobs[92],2.69322505148148,22.118595451882587,0.4282125098777654,5.258845810877016,1.3652366908380258
Iobs[93],1.4367272337995192,18.237993545043434,0.4011832406740075,3.2374211701208586,0.8309502003949167
Iobs[94],0.43317892739933733,8.029383217244499,3.905250099351007e-7,1.2664877250330018,4.4848506468732595e-7
Iobs[95],0.38727619819565984,3.4567561475122037,3.8617716495947653e-7,0.8342259102728132,4.398429418431019e-7
Iobs[96],4.818533559311807e-7,2.745160509979197,3.8593784769378055e-7,0.4746151608950304,4.3617513674298285e-7
Iobs[97],4.724073089865422e-7,1.7656270845879498,3.844806638602204e-7,0.4541000211494324,4.3334885978557376e-7
Iobs[98],4.6890390678919844e-7,2.276984937932729,3.834423867040694e-7,0.4505254814498923,4.319561103106781e-7
Iobs[99],4.77132398224298e-7,1.8862770302760505,3.8506975955850173e-7,0.4610496482962151,4.350099017388055e-7
Iobs[100],4.7416094016533175e-7,2.077950824214904,3.854050084703351e-7,0.4562950107979591,4.3449555764092305e-7
Iobs[101],4.6993853258374335e-7,2.324907975460851,3.839722591081921e-7,0.45482643784088567,4.325401778738995e-7
Iobs[102],0.3873178503323736,3.039410536204377,3.8745698442617607e-7,0.8307141170057888,4.4105358539872395e-7
Iobs[103],0.4423908876584314,4.848169980965821,3.925906381811942e-7,1.2585672764904774,4.536220667038964e-7
Iobs[104],1.2875498392292788,6.117753462201609,0.39990464694469496,2.29041120000266,0.7734280573827811
Iobs[105],0.7973432739921629,9.859843514468194,3.9677693539749905e-7,1.8096723871527158,4.78157103116654e-7
Iobs[106],1.696717045518776,11.17913827723923,0.40803848254600805,3.304841865979146,0.8713206453554753
Iobs[107],3.3826862386405425,16.787770519069067,0.44879775386140475,5.886568192711339,1.8667451684152414
Iobs[108],9.762088385143896,45.31002662765751,2.387191803409162,16.408162818980486,5.6768879101827725
Iobs[109],13.857816122294395,166.75028117549138,2.5314529107085413,24.483088310642227,7.698617135610823
Iobs[110],62.337121270417214,361.76734276371275,17.210504671978,121.04818416856591,36.5503976986804
Iobs[111],1425.5373659515362,4677.410632725787,234.82113871442152,3081.6373098363256,480.79746824271115
Iobs[112],11491.428647830286,14977.225710940967,5695.222284012554,12859.454389849576,9625.791379957282
Iobs[113],1716.3991744986927,5059.514724488564,702.9304436544844,2338.5969004461517,1168.904730770582
Iobs[114],876.3428535522487,2016.9574827843248,301.1158834902258,1292.4091872737908,569.5174453730908
Iobs[115],262.3848395531823,936.4411495956582,89.85432309834718,449.94584338958236,179.9201635831109
Iobs[116],113.40381628667377,366.88985383509174,38.514647643194046,170.36308224448558,78.1163600288022
Iobs[117],58.47158279946697,209.3797879933923,14.955605800492702,102.75621243176039,35.03673807664747
Iobs[118],29.062987089268216,131.4497639347134,7.2759216607189146,53.49246910452837,17.312327295594642
Iobs[119],9.697231304891357,83.5476713090248,1.853854910263011,18.30257919659351,5.274345756632686
Iobs[120],2.690889213342322,33.4310728548068,0.4214339843853855,5.482662992516109,1.3119525216706234
Iobs[121],1.8128988001395916,13.610680822344102,0.41404131052148735,3.4998084784590797,0.9161213736253833
Iobs[122],0.47179680619919345,9.880673008601628,3.936332987114622e-7,1.7195658256916742,4.6266202537725754e-7
Iobs[123],1.3573578829424764,7.8465953020337995,0.4042662274744695,2.3954053086814286,0.8395325999265424
Iobs[124],0.8940768593613053,4.567455060281328,0.3935911685977827,1.6612285059244867,0.4561410399208206
Iobs[125],0.3951726567507751,3.900945885437922,3.867914460956518e-7,0.846981786955715,4.4062623836383735e-7
Iobs[126],0.8617733125417849,3.9779255349132217,0.39186109257963875,1.3905198414982753,0.4502175326509643
Iobs[127],0.41295043701649936,3.7705506559231,3.9048326212144114e-7,0.9058155492070314,4.455481315044516e-7
Iobs[128],0.40416104495587674,6.649488214186765,3.892239033922764e-7,0.8941114993569548,4.423739929781608e-7
Iobs[129],0.43059846730612816,9.622018267518817,3.91027424009365e-7,1.2795117607060023,4.4759702462399505e-7
Iobs[130],0.9406905379995092,14.909449085707157,4.0501288499688994e-7,2.6286641646486606,0.4124023589081402
Iobs[131],3.150516454493034,19.79322468380875,0.43464494557727956,6.172310144068545,1.5800163063310868
Iobs[132],7.865777049906223,44.51969767176347,1.4238777229850132,15.113056165327976,4.346530352151899
Iobs[133],14.516094118010356,62.443323851570845,3.8857580600720696,24.674347334374215,8.7885404248456709
Iobs[134],24.972005177783053,83.41867038416852,7.473737052371341,40.19932156608263,15.087075177113157
Iobs[135],75.03757752694568,251.4120275700706,20.358148985833704,114.85109883260426,48.165660775899156
Iobs[136],201.2139182396606,721.3451594830914,63.215121209198536,389.1803187762407,117.22457342108608
Iobs[137],427.4565875746372,1193.0325195535063,94.87028424863135,594.6905081773756,332.4005695499531
Iobs[138],1762.728875598121,2887.4659345196924,833.178374765916,2105.787549858104,1213.1478251915414
Iobs[139],11432.201283856579,14491.097648814324,8709.974674340281,12631.400513369286,10387.154259519037
Iobs[140],2416.8918118018028,5897.291794731013,294.48092386089104,3751.220106400375,1315.4472575585105
Iobs[141],392.15769005178606,965.7555465701628,84.75205355293079,567.8394946080912,241.23155668160638
Iobs[142],101.23197096347369,453.543169694814,28.222128121841983,164.7326230387275,61.06717803655319
Iobs[143],51.67276757796655,296.41478474785356,11.378375115749828,92.65597648532972,29.610184385592852
Iobs[144],21.224009828568658,105.94842214991095,4.59318995422971,37.8554334960029,11.893085975400139
Iobs[145],11.486508244020555,55.06175351073605,2.981384147548626,18.602670257651486,7.092627423439551
Iobs[146],7.726204059105735,30.634327071429436,2.0980668435891987,12.607966969574452,4.864885862910564
Iobs[147],6.966394536173452,30.291101349858653,1.918678070892308,11.19276574652766,4.4305708725762605
Iobs[148],4.319097370599419,26.484718797965115,0.8266252866842602,7.75356709956827,2.420782478747867
Iobs[149],5.483137904084701,23.003454298113784,1.2166973760983422,10.194258831584207,3.089650720328113
Iobs[150],4.808527425194439,20.477284336056446,1.170005881898261,8.254621838463784,2.803361050042181
Iobs[151],2.6067786604225365,12.809422537667857,0.45447683999286065,4.537091100474169,1.468732502358173
Iobs[152],1.2665595847565199,6.884706127317319,0.3988821582800183,2.252068689038471,0.5358532674758145
Iobs[153],0.4546395796096265,5.996646806105113,3.9300767029929397e-7,1.326236783461262,4.5783391423445896e-7
Iobs[154],1.4785934181482188,15.957537630355857,0.40550788735702986,3.015967479631513,0.8556246403960086
Iobs[155],3.799340076005405,25.141892623237748,0.8880540005552939,6.555573956935901,2.272199751675201
Iobs[156],6.340690504191928,46.60280654500424,1.2902397692632412,11.942030793335983,3.4801265536693293
kappa,52.58168875545525,97.66782947250505,7.774094394582722,76.4931659908144,28.605761739166788
lambda[1],0.9956310154113028,0.9989503318823391,0.9836762308025911,0.9972852929723103,0.9930854228077615
lambda[2],0.9931699751161138,0.9979521231687356,0.9855453324620976,0.9953440036155059,0.9904191812968338
lambda[3],0.9815724782575872,0.99443910943093194,0.9534313242273426,0.9889732833814041,0.9755786398796331
lambda[4],0.8561020151765903,0.909415495529672,0.777241359909852,0.8800305068088986,0.8281932504334816
lambda[5],0.7822871314322354,0.8999378523596843,0.6188383991999274,0.8217671639071852,0.750167813436313
lambda[6],0.8124223822986038,0.9054385369979778,0.7190354080577976,0.8639053873319422,0.7647253678175883
lambda[7],0.8740769593284943,0.9364152582745598,0.7670500550651665,0.8971214590428047,0.8359663769500387
lambda[8],0.8769339775307232,0.9540997261669152,0.7075922330930435,0.9172312271640376,0.8197999365420464
lambda[9],0.9018500587740521,0.966511067956732,0.753481019861054,0.9263616870689908,0.8370596820215905
lambda[10],0.9455303711355363,0.9843508000147482,0.8302867834699689,0.9662549458382521,0.9201086244346567
lambda[11],0.9743664287428075,0.9933283093693012,0.9299215260934094,0.9851548276591446,0.9558611604255882
lambda[12],0.9892279373370481,0.9975917260350142,0.9580206435329727,0.9934681203018427,0.9814308687126474
lambda[13],0.996540715593855,0.999381361906886,0.9792157756236491,0.9981472866062973,0.9928730769358629
lambda[14],0.9985860251377672,0.9997086082945668,0.9931911871385571,0.9991702119763104,0.9975366707123963
lambda[15],0.9997218741603133,0.9999814883754087,0.9953280603342817,0.9998828364108845,0.9993147233062117
lambda[16],0.9998400616628581,0.9999855180884117,0.9986083562753296,0.9999251633522233,0.9996710141803502
lambda[17],0.999899595348744,0.9999856313633453,0.9993375002136127,0.9999484788110209,0.9997975766628396
lambda[18],0.9999534162322679,0.9999958406440885,0.9996220111363939,0.9999795908191833,0.9998982839266095
lambda[19],0.9999398378779113,0.9999946836763753,0.9996683609534998,0.999971378886596,0.9998846629335288
lambda[20],0.9999705367789955,0.9999976398988917,0.9997280992602178,0.9999876924078862,0.9999371252069732
lambda[21],0.9999750504620233,0.9999976645517015,0.9997711858353389,0.9999885017204554,0.9999482128599253
lambda[22],0.9999704018622895,0.9999979143191216,0.9997962842299599,0.9999884810271548,0.9999348392749011
lambda[23],0.9999649973594131,0.9999978842532823,0.9996917748115418,0.9999849197990426,0.9999222210335623
lambda[24],0.9999262604944605,0.9999913664923974,0.9996077725561823,0.9999611171616276,0.999867844223066
lambda[25],0.9999425155739231,0.9999927247688489,0.9995949520509061,0.9999730189370033,0.9998876056631685
lambda[26],0.9999485911761418,0.9999942544482826,0.9995572396970387,0.9999745347366908,0.999889503540401
lambda[27],0.9998866506253374,0.9999910355947516,0.9989537244933213,0.9999544559011927,0.9997553030945049
lambda[28],0.9992263251542797,0.9998306982838141,0.9970517521788924,0.9995475057790308,0.9987052198325614
lambda[29],0.9972364233953721,0.9993868286254858,0.9913544509719759,0.9983744651296272,0.9953120645225185
lambda[30],0.9837030949469223,0.9944835870461841,0.9478043181108019,0.9903887645657821,0.9747009913371885
lambda[31],0.7811259020519705,0.9244564181924072,0.5357320810747727,0.8480849899183251,0.7270741500548226
lambda[32],0.38695721866583327,0.5360683155625354,0.27630704856231275,0.46391428452537614,0.32002097164432475
lambda[33],0.848799534435899,0.9681949615039412,0.6527504124729225,0.9106052708361034,0.7936420304682189
lambda[34],0.9441099423506859,0.9948308185134669,0.8083413674852946,0.9775386631331486,0.8940887276810515
lambda[35],0.9878288017354401,0.9981125620848456,0.9407551522826487,0.9932519939901814,0.9784754808802713
lambda[36],0.9955790716865481,0.9990374275506654,0.982372107643816,0.9975200381673468,0.9923065541894405
lambda[37],0.9984458404160068,0.9997514681793773,0.9760637839039817,0.9992273153809742,0.9966453439066596
lambda[38],0.9988520232433742,0.9997735092894607,0.9936850677642998,0.9993634573784148,0.9977606760200907
lambda[39],0.999330491597459,0.9998835630250382,0.9970001196062358,0.9996400674457206,0.9988397777806192
lambda[40],0.9997337298713148,0.9999631813929947,0.9980245757897636,0.999857125684977,0.9995077352153482
lambda[41],0.999922299030463,0.9999933254279714,0.9991933870850861,0.9999663478104749,0.9998232299322628
lambda[42],0.9999564949637986,0.9999959253593814,0.9995483351046853,0.9999808836453143,0.9999042568593689
lambda[43],0.999955482077133,0.9999966500058468,0.9992688164251137,0.9999825150911039,0.9998791513522224
lambda[44],0.9997817921324555,0.999967898998491,0.9988929775996185,0.9998846348358533,0.9996162006541905
lambda[45],0.9999464762140053,0.9999953148571379,0.9995107590315339,0.999975442213425,0.9998786787885473
lambda[46],0.9999090374853192,0.9999895980290783,0.9995358146489148,0.9999542848128979,0.9998297777278606
lambda[47],0.9999633351831166,0.9999959787156566,0.9997566804009549,0.9999819616144594,0.9999246527816642
lambda[48],0.9999675449156331,0.9999972596567646,0.9997516904405155,0.999985386582287,0.9999291953759101
lambda[49],0.99992421423739,0.9999893046693213,0.9993741963266323,0.9999603738933069,0.9998652729420023
lambda[50],0.9999511761492592,0.9999960858575512,0.9995058358288428,0.999979093349238,0.9998870603195769
lambda[51],0.9999401392869237,0.9999941872097894,0.9995323803250828,0.9999732300614022,0.9998732358864898
lambda[52],0.9999059458823991,0.9999922833918435,0.9991041136942045,0.9999613242437547,0.9997875861211594
lambda[53],0.9994605983859655,0.99987002648325,0.9977725298396709,0.9996730776928247,0.999084638810975
lambda[54],0.9988672919281822,0.9997554883504027,0.9955225430483365,0.9993403053654702,0.9980186243125034
lambda[55],0.9983012399525448,0.9996291436296648,0.9935573231213264,0.99895213738065,0.9973414312679748
lambda[56],0.99776731468178,0.9994134045575014,0.9892899965855769,0.9987432814797285,0.9962828506134302
lambda[57],0.995904113308488,0.9988227926363169,0.9869268419843781,0.997452662799861,0.9927959819187256
lambda[58],0.9888908734002908,0.9969817830419255,0.9715896952487354,0.9934476684906026,0.9825019615519892
lambda[59],0.9646733091418709,0.9828468964223019,0.9356430782779294,0.9731391211685706,0.957421505929826
lambda[60],0.41293832909012507,0.6050196025896377,0.3267689391175639,0.4812919944138764,0.3642741964761317
lambda[61],0.8301758782370745,0.9474879719743288,0.5341558611042886,0.8709808837246065,0.766932704827867
lambda[62],0.9684750606571693,0.9951623951181735,0.806546358612543,0.9864545155333325,0.8972173056158892
lambda[63],0.9924151868925869,0.9986449241899517,0.9256825608665061,0.9959350367066653,0.9839160756818692
lambda[64],0.9973429416331012,0.9995262788589167,0.9714675283075065,0.9985690634788176,0.9953478867715584
lambda[65],0.9987517257261423,0.9997488287359348,0.9936782037861321,0.9992776599845383,0.9977663310537834
lambda[66],0.9994438320788459,0.9999153508914724,0.9970493334685522,0.9997006122740912,0.9989992421090489
lambda[67],0.9996459803477074,0.9999435182902654,0.9983451133952765,0.9998029414776644,0.9993588442953418
lambda[68],0.9996713623761622,0.9999455591963146,0.9980330135126937,0.9998197469993322,0.9994164111431746
lambda[69],0.999885974743292,0.9999826998270114,0.9993416532890718,0.9999394657220845,0.9997829071116743
lambda[70],0.9999649302634426,0.9999966321006181,0.9996413167234629,0.9999831044436616,0.9999274068847469
lambda[71],0.9999733443484402,0.9999976618932636,0.9996919494374968,0.9999882659163626,0.9999360570642392
lambda[72],0.9999346312160138,0.9999928918852388,0.9995726737398091,0.9999695996763912,0.9998706984998619
lambda[73],0.9999550884387642,0.9999964344861745,0.9996114441608352,0.9999805017110248,0.9998957173552263
lambda[74],0.999804642500643,0.9999719287877881,0.9989542616784733,0.9998937244639039,0.9996403119079249
lambda[75],0.9999112102014778,0.9999929720151973,0.9992813620417559,0.9999587934540014,0.9998017792756723
lambda[76],0.9998561912170807,0.9999782609145711,0.9992825091250359,0.9999228329357148,0.9997441584999808
lambda[77],0.999854564725795,0.999978431284557,0.9990061878822958,0.9999233868322692,0.9997318836030038
lambda[78],0.9997908672480907,0.9999660160122004,0.9982742745703123,0.9998903825373121,0.9995842979666696
lambda[79],0.9994255868694966,0.9999439530019743,0.9899802064813007,0.9997551538255137,0.9986566900089844
lambda[80],0.9983376724349134,0.9998472612438801,0.9757679771538281,0.99923516288591,0.9943826347672045
lambda[81],0.9954707818600304,0.9991583397132987,0.9874625102216099,0.9977597754532177,0.9913844469182197
lambda[82],0.991805458710989,0.9990111922435613,0.9521372731090811,0.9952249318095143,0.9835282704255714
lambda[83],0.4709099184908219,0.9542031758525976,0.24412575846827347,0.8832707037926923,0.33243238262265506
lambda[84],0.4967234326046284,0.8884713034748007,0.2702418204613351,0.6185744281615703,0.3613056017259158
lambda[85],0.8896332375757681,0.9896862921738113,0.5672717752508931,0.951635454057495,0.7868634556255619
lambda[86],0.9836223965448019,0.996991081004185,0.8630519114512939,0.9920531759172445,0.9613269913509892
lambda[87],0.9925167484396775,0.9981681260502879,0.9674733003068828,0.995832740379519,0.9866606310994536
lambda[88],0.9964339388660481,0.999331249353753,0.9832075320568706,0.9980780521931627,0.9929855807673489
lambda[89],0.9985540154595987,0.9997519784457946,0.9935425714157724,0.9992337137812599,0.9973659722973955
lambda[90],0.9992837655240987,0.9998826058143577,0.9962112992673512,0.9996101820212668,0.9986158272644755
lambda[91],0.9996737438281165,0.9999535895475331,0.9973884273665263,0.9998349561337821,0.9993732089449867
lambda[92],0.9998276285219224,0.9999755104082665,0.9980194008661792,0.9999112969998525,0.9996299008575982
lambda[93],0.9999386771246227,0.9999947858396413,0.9991806354730864,0.9999737492613591,0.999854900045225
lambda[94],0.9999576707190813,0.9999969161536925,0.9996550723338083,0.9999801079543141,0.9999133456339964
lambda[95],0.9999698855924504,0.9999974863856989,0.999741325129732,0.9999863976933259,0.9999369914391543
lambda[96],0.9999755408575679,0.9999978809228978,0.9998469937990908,0.9999888064359904,0.9999503713327398
lambda[97],0.9999788414031261,0.9999980534424467,0.9998145149789641,0.9999906130250442,0.9999535625339673
lambda[98],0.9999755242041328,0.9999975034083346,0.9998493383890377,0.9999879313038267,0.9999526292291041
lambda[99],0.9999777382700515,0.9999979467979218,0.999849985402681,0.9999903378729084,0.9999537748927789
lambda[100],0.9999796788742916,0.9999983538350943,0.999824703406528,0.9999913183630142,0.9999565761366639
lambda[101],0.9999699511812088,0.9999965039338783,0.9997848032358302,0.9999855753922038,0.999938935862833
lambda[102],0.9999589053096254,0.99999673065223,0.9996751934146467,0.999983162955008,0.999909910569715
lambda[103],0.9999165178001165,0.9999873542948405,0.999613134857195,0.9999543244455669,0.9998486131330255
lambda[104],0.9999437339806656,0.9999939522603087,0.9994084564666827,0.9999740550089956,0.9998796198847535
lambda[105],0.9998981680347179,0.999984014911813,0.999346439893686,0.9999478817410233,0.9997982676867004
lambda[106],0.9998036761848852,0.9999699269162838,0.9990511348751311,0.9998947289940925,0.9996624265383774
lambda[107],0.999480402913823,0.9998928968114007,0.9975669911937869,0.9996974909165786,0.9991201056202481
lambda[108],0.9992789796675308,0.9998711584889978,0.9913900284828187,0.9995942129627644,0.9987308757157843
lambda[109],0.9968998277477557,0.9991243120585319,0.9820837143876189,0.9981678238131245,0.9939331248361426
lambda[110],0.931401251589629,0.9882410103431397,0.772232192119562,0.9769281402272457,0.8463632166981008
lambda[111],0.4220597757020558,0.6547322858579749,0.30710522785101896,0.4588366713082486,0.38216853264468054
lambda[112],0.8042820826775221,0.9076932572007519,0.569747537268654,0.8551018306216402,0.7474251514164194
lambda[113],0.8835573106506462,0.9571388239630294,0.7692078965357242,0.9214739847056544,0.8380716486399149
lambda[114],0.9636795940019584,0.9875207253138998,0.8799998445166987,0.9748679191746404,0.9392715519318667
lambda[115],0.9850835752948388,0.9949027953478802,0.9534256930400107,0.9896593562506237,0.9776114372336817
lambda[116],0.9927163324513797,0.9982497210073327,0.9748986671372782,0.9956717493697929,0.9874906096369553
lambda[117],0.9966326091094481,0.9992175169363957,0.9849482972559193,0.9980229540802338,0.9938258128022052
lambda[118],0.998940486640143,0.9998151401907045,0.9912445167659631,0.9994294658090517,0.998013851026143
lambda[119],0.999719043265052,0.9999659866008962,0.9967075201684255,0.999861762694733,0.9994361311137236
lambda[120],0.9998332406732633,0.9999808006087689,0.9987401107711082,0.9999188553936644,0.9996708394840549
lambda[121],0.9999369145610957,0.9999951644971738,0.9991353883651258,0.9999764016739872,0.9998455502783797
lambda[122],0.9998971469782115,0.999988571994569,0.9993671353505419,0.9999497439750483,0.9998065094320135
lambda[123],0.9999333720952788,0.9999909154313062,0.9996373954364761,0.9999654600898087,0.9998754047305866
lambda[124],0.9999701707009254,0.999997432426946,0.9997068743373236,0.9999867997447844,0.9999359104711529
lambda[125],0.9999475640938921,0.9999929559886176,0.9997103173755364,0.9999734215291372,0.9999008889468439
lambda[126],0.9999667619467136,0.9999966384208145,0.9997275078913822,0.9999850430501531,0.9999249816416282
lambda[127],0.9999694698481001,0.9999981326433315,0.9995774437737324,0.9999873462093376,0.9999310365766017
lambda[128],0.9999645728911986,0.9999978997914732,0.9993924849545298,0.9999860485688272,0.9999138052868036
lambda[129],0.9999301026519731,0.9999944465645809,0.9990877977302528,0.9999685756922014,0.999831980147564
lambda[130],0.9998162577860638,0.9999822732882911,0.998853226585221,0.9999124018295231,0.9996385834696089
lambda[131],0.9995565079664117,0.9999275098890749,0.99750571810764,0.9997584321251664,0.9991537749087318
lambda[132],0.9992114659523056,0.999804563718681,0.9966024156037221,0.9995318964776229,0.9986669376230086
lambda[133],0.9986986031578293,0.9996276263761352,0.9956236916115949,0.9992134293312736,0.9978757630348809
lambda[134],0.9961941501887719,0.9989732255015107,0.98718725142251,0.9975729454431641,0.994156149045735
lambda[135],0.9900314312831651,0.9969261591212601,0.9645265125054512,0.9943292453238102,0.980932385720515
lambda[136],0.979805212273987,0.9951954808235255,0.9404065403473936,0.9840370960612544,0.9717017769190823
lambda[137],0.9141323748264322,0.9595170734383877,0.861401610171299,0.9428596964238691,0.9000372186167575
lambda[138],0.4163842125177919,0.5399759408560081,0.315091468712731,0.47452087673119514,0.3642384823168362
lambda[139],0.7262724529760218,0.9565988728978285,0.5150897336987306,0.8305488164479606,0.6359029386265795
lambda[140],0.944254333835697,0.9875938141855765,0.8764932630638383,0.9645796391198361,0.921726856255065
lambda[141],0.9861627961275641,0.9961420005906325,0.941681016768367,0.9916001416266984,0.9778615946556258
lambda[142],0.9934058241097985,0.9985727500291898,0.9631079716702093,0.9962125829707942,0.9884050822886281
lambda[143],0.9974866992065791,0.9994783832329841,0.9874983588370492,0.998593741229189,0.9955827364996629
lambda[144],0.9987534630648913,0.9997117419744307,0.9938548016482307,0.9992410043380194,0.9979521510267284
lambda[145],0.9992193946766713,0.9998083620903202,0.996880437218175,0.9995125984221075,0.998723254566369
lambda[146],0.9993514499598579,0.9998495028002037,0.9970469574630355,0.9996031491395301,0.9989448455379231
lambda[147],0.9996229342659109,0.9999444354793708,0.9975503716405448,0.9997974475556483,0.9993194513210344
lambda[148],0.999563489854513,0.9999367837842602,0.9980337793044393,0.9997703184189677,0.9991623840365338
lambda[149],0.9996316796822837,0.9999359976983362,0.9983578814860357,0.9998031780377645,0.9993578696270284
lambda[150],0.9998104667344254,0.999976699108789,0.9990247323974389,0.9998987011214531,0.9996622547525702
lambda[151],0.999908793747182,0.9999872327773182,0.9994906569241399,0.9999504721465955,0.9998321604006702
lambda[152],0.9999539527737572,0.9999955825054092,0.9995775638197232,0.9999794439050076,0.9999021527596114
lambda[153],0.9999065417984034,0.9999877340920822,0.9989327284806951,0.9999519578216758,0.9998044284736469
lambda[154],0.9997699745185927,0.9999575132031961,0.998402847988076,0.9998689553905331,0.99959653311835
lambda[155],0.9996169291716881,0.999936338621834,0.9971859916365798,0.9997935392003656,0.9992713070840932
psi,3.5351030575668574,10.386340877811362,0.668643190751649,5.640166652204725,2.0212877917719183
r,4.679682511511175e-4,0.003998405465572765,-0.0016104276871470545,0.0017812464196970863,-1.9742118931236616e-4
rho,0.4383979411038921,0.5011173466946875,0.3766046643271128,0.46004672634257676,0.41683568538383525
Rnaught[1],23.30489545030095,90.89417239740409,5.429224996928113,36.62656117723081,14.238121999272018
Rnaught[2],19.167795708667505,75.48336084604689,4.26810583210806,31.650976218468816,11.745750651018087
Rnaught[3],29.13127943529512,81.61593905071234,10.92100638924003,44.276157998547305,20.582382107403213
Rnaught[4],98.2853487839453,282.09614241835925,32.04370881697945,155.81301881132643,64.08606012667241
Rnaught[5],15.805444274506158,36.392847696251025,8.222495719187542,21.2971328561207,12.185212414528957
Rnaught[6],10.477242754339693,35.674677813329176,3.4321247117519595,16.558630143299254,6.521001389623799
Rnaught[7],10.817197654181546,21.019354305735988,4.66877627717841,14.297508638978453,7.749177585359576
Rnaught[8],17.460906244098126,48.12171066892818,5.158127401034885,25.455011379334326,10.913401889227591
Rnaught[9],15.454265271423928,78.2633732962947,3.0169485703805154,36.39533378054959,9.021268834401237
Rnaught[10],11.495646595604697,49.19996500624888,2.455901891754572,19.670556343619538,6.952483781242427
Rnaught[11],11.909043487837286,72.35989718958494,1.9820234341503777,25.659791819837128,6.179291438233268
Rnaught[12],11.618208971094285,80.59035480700368,1.9969093685661534,23.179811980764285,6.441734133774566
Rnaught[13],10.840239696629386,68.30215875834523,1.666006108287695,19.847475130786897,5.42800599659939
Rnaught[14],13.078833189229453,71.83103648079559,2.135108534357457,24.122639387610814,7.134563585181704
Rnaught[15],7.435684272062547,77.9517579240513,0.4501482415687052,17.37142309051353,2.7885787769914057
Rnaught[16],13.483924952549813,115.8506472694324,1.9085480394019796,26.44908385523827,7.165062057138599
Rnaught[17],15.059186658882737,111.83715976295066,1.9519861444619309,29.03826189308172,7.707223590901372
Rnaught[18],10.156448122596855,75.4437590699346,0.916829432541926,22.310612926896493,4.835358166827301
Rnaught[19],20.68311916652628,129.83738747535696,2.103875500870496,38.57248188250418,10.255697689489459
Rnaught[20],8.710157591610557,71.87160738743279,0.8407234512862514,18.00813244748816,3.8313237485378346
Rnaught[21],9.435091242681276,90.6566404838651,0.9849483059488467,18.922880366507673,4.349478072105287
Rnaught[22],9.334868430397327,65.67526471307865,0.8583878872992459,18.832237628501332,4.164040006435304
Rnaught[23],8.879168832476282,66.43143516816524,0.806985482756296,18.29193241303487,4.072210522237125
Rnaught[24],13.921154130857873,79.88442125807205,1.8684560546897375,25.87197048740677,7.214423463830401
Rnaught[25],6.194453841687929,36.42894606530909,0.8335924570247839,11.76931548177095,3.3130479909931676
Rnaught[26],6.076130254191336,49.37614901857631,0.8007824669988298,13.015347533223025,2.999334930346856
Rnaught[27],10.66517899123425,135.82954700727143,1.1360879972017532,24.940647012526984,4.678800980865083
Rnaught[28],40.74588479676125,304.8243950412139,7.191635340076701,81.31728743052633,21.287558048791432
Rnaught[29],33.518183320399075,152.4618816415148,5.805675769958304,57.90390181376613,20.02191986237475
Rnaught[30],63.95688775472293,289.31804198962675,9.885766920385134,122.15585462503029,30.227293347508507
Rnaught[31],128.60424409162167,456.9879949690921,52.16791978831064,183.4046562546837,92.44525598337586
Rnaught[32],39.90064688633403,119.72743197577982,15.760765886821389,69.199066130325,27.249015767862677
Rnaught[33],3.0281308158664135,9.920799742317534,0.4385947960625325,5.6144412202342995,1.4764817682414724
Rnaught[34],10.778644343195868,49.515381028011966,1.748878164331539,20.31776422777406,5.226587887944226
Rnaught[35],7.316137327962849,53.039829361008636,1.4889847327500032,14.07730376829078,4.131041110182625
Rnaught[36],12.114464795814197,54.95227489776617,2.359794663557776,19.977405480563743,6.978597824180968
Rnaught[37],11.182364395287136,128.9518319661945,1.7856744575920531,22.10349835180665,6.242454800178807
Rnaught[38],20.422495440572995,130.97749330455167,2.516741551156415,37.2586531036453,10.981548412848756
Rnaught[39],16.220389534683804,101.83776839031262,2.2638991141800964,30.198042008160385,8.713767680893994
Rnaught[40],12.215833259248264,75.51299842469533,1.719989941462996,22.82460529416832,6.614794897258858
Rnaught[41],7.57206959541722,52.08282799179319,0.6721843330237903,15.575656731293005,3.5813312080039386
Rnaught[42],9.8418886618436,65.74344683696062,1.0563679454621748,19.658937576119232,4.533766961947039
Rnaught[43],13.319873320405277,180.69475090865961,1.2651623414494746,36.80832966824056,5.560083639194492
Rnaught[44],65.88031013996441,343.5499565488596,10.155680638432223,131.68360932762087,33.497349800517334
Rnaught[45],8.799246471042252,75.83105214673331,1.1358565595724428,18.585254892567754,4.242247302307654
Rnaught[46],30.05392686986085,192.50873963943758,4.321816928468657,58.099709059587326,15.53610283145765
Rnaught[47],8.682639334535216,60.03532978100036,0.9621861155012443,17.269652661575996,4.341599576057831
Rnaught[48],10.04901023750926,99.9103491586159,1.0386467749420443,20.419610255637565,4.756009232282506
Rnaught[49],19.009552584903464,125.42354922469572,2.786670502825488,34.81093311676959,9.632364094423862
Rnaught[50],6.494945338154951,66.9724753462782,0.6055057659017347,15.455004580053199,2.987971863081102
Rnaught[51],8.477950947953584,56.135272099696735,0.9634345002083907,17.064806079021714,4.033769807396867
Rnaught[52],10.697414155943864,119.23216706902029,0.8707099237271602,23.501996764419236,4.281529169988061
Rnaught[53],41.90387894569664,260.86443783716214,5.976682785198542,80.59721617049591,20.348676257912548
Rnaught[54],21.382539959124973,126.13085054029847,4.742760826237459,36.36259208527986,12.88313515165689
Rnaught[55],14.94962913020657,74.12397829225223,2.6569872279641795,29.016250269243923,8.82874512235373
Rnaught[56],13.747162954204699,75.41741363595875,2.3891745757701104,23.880932940833183,7.982734704146986
Rnaught[57],17.966797283088805,95.49658561142027,3.242455313537772,30.92698534036809,10.324847791988127
Rnaught[58],23.428956102570055,111.77311633165176,4.387955733353244,42.88074779704056,12.860964135266581
Rnaught[59],31.405786927558935,75.29237301248916,12.08569854586457,45.29229163450583,21.26020752621858
Rnaught[60],225.63552342065765,532.6463023340663,108.76468319878099,339.0108665042431,175.1581653373337
Rnaught[61],3.194682763805548,16.716493787825005,0.9271017145088468,5.1841215064143915,2.0941330615480513
Rnaught[62],5.859767404274024,28.490614305783378,0.5133627781309525,14.450887846293766,1.849645336554619
Rnaught[63],7.953814535006913,31.99736110529643,0.789532418022173,14.214861090296655,4.071581152012169
Rnaught[64],11.270192729763915,58.43035018939882,1.0518139805587854,21.768452159127136,5.7739559378281236
Rnaught[65],15.653571559865728,75.43440530473659,2.597336076646175,27.62862681588372,8.962479536246903
Rnaught[66],13.855991501416954,123.43555755512072,1.9211604424288204,26.21989581725413,7.10002559008478
Rnaught[67],20.471957946172783,110.58510924366882,3.3534814314119212,35.64886251135555,11.254174249498352
Rnaught[68],28.566168559302124,201.0967619606152,5.272490177613819,52.86530816127724,15.403630521834739
Rnaught[69],12.014162083115357,78.5096522597711,1.5370719883321478,23.466203276421133,6.46867195569167
Rnaught[70],8.497560438777809,68.30177932988276,0.8895380090791533,16.82356579006717,4.1276749447114485
Rnaught[71],11.482546290914936,106.36496960146262,1.2526721395826985,25.836391435368565,5.239461085365125
Rnaught[72],27.858644637835226,190.18379761586291,3.145672037117249,57.42108125182094,12.65882092229172
Rnaught[73],11.99349433685881,90.64172292574229,1.2009922961582393,24.959073980750563,5.650521829145857
Rnaught[74],49.711992278835424,649.9766979513147,6.717441876991462,95.98892375719541,26.150185900662404
Rnaught[75],8.818546465193528,60.9508169879606,0.8545591237240645,17.95572431604294,4.358127600561728
Rnaught[76],18.939902387546965,118.41379614437183,2.7800271414747844,37.272011298432304,9.440977415518592
Rnaught[77],11.660702172820221,97.78920787290639,1.775549633974787,22.435127021395775,6.0760652833998705
Rnaught[78],15.022625848378857,105.30980011090693,1.6939668996392463,28.532999440310498,7.750268494150427
Rnaught[79],24.042424229511965,481.12672935625756,2.997839940227407,58.5894840238239,11.890647563762315
Rnaught[80],30.13834924733345,665.7214505545187,2.8573984454889683,80.15170956462504,13.0370518963952
Rnaught[81],25.886212730859526,391.60046554089354,1.3612909340990318,62.48656561947779,7.904050542350104
Rnaught[82],15.7701935445316,253.88147087392923,2.5471702174118955,94.42298587332112,6.68895817283912
Rnaught[83],516.1040604783502,2165.229604750431,49.29876780832428,1242.5792321471554,224.39943499546496
Rnaught[84],11.97432074085166,283.8348796910955,1.840885741467474,91.73850089037171,7.588378116376203
Rnaught[85],3.9992407620513024,69.15805626722734,0.7295169961241782,7.0618264652443585,2.2295826858000303
Rnaught[86],5.817621173855137,47.28146938299775,0.8404811113352499,13.606415273516873,2.628966184086305
Rnaught[87],15.909784808669519,97.87385234199002,1.348026666799277,34.41459751757275,7.6323983633898065
Rnaught[88],15.710358317672142,97.2870588392562,3.298929639082259,28.491231387034226,8.942739113894392
Rnaught[89],13.076637008455204,97.14383950241486,1.8395608834577202,27.104332537214887,6.313246546035317
Rnaught[90],15.243131723278179,94.29416635341518,2.6610557036435867,28.987003138898803,8.354980979349133
Rnaught[91],12.888509368256361,102.64755115699614,1.9141765909620203,25.013961593474125,6.678989378479986
Rnaught[92],14.241304597542836,89.70266681733656,2.3131335896698735,26.42961238894494,7.439919794762618
Rnaught[93],7.7025738831336055,60.0610980012015,0.8632336054764914,16.38579559054522,3.626667336847647
Rnaught[94],10.176594908479256,77.75859810402187,1.2178162387026068,21.17475201861976,4.757287449975506
Rnaught[95],9.582701173263533,80.72183049664316,1.24426055564927,20.460086288554297,4.728539486478915
Rnaught[96],10.383584780480906,61.2915040632571,1.2521929249905213,20.07384510766713,4.917567944471614
Rnaught[97],10.449954841619347,81.78205783873871,1.3561224497966673,20.238792221709225,5.249397885348245
Rnaught[98],12.585096988604707,77.55296206138736,1.4843883314579573,23.80683587475218,6.349915329716131
Rnaught[99],10.267464032680993,60.22236367291507,1.0963713785294653,20.061854367151852,4.787637824863437
Rnaught[100],7.757292020726625,77.27882198667896,0.7984545185166885,15.840109657265389,3.4823800112475807
Rnaught[101],9.398622693683457,70.2789361958286,1.1631291553243686,18.515842821082334,4.69726770624265
Rnaught[102],9.288710252589587,66.88007164811712,1.087593733328748,19.25570908000681,4.326994424773511
Rnaught[103],14.4230815603068,75.01515277821888,2.3249537615380733,26.77093424332664,7.688483529185885
Rnaught[104],5.809617142131491,54.847533561341365,0.509301999492548,12.526785301894794,2.7556626801607473
Rnaught[105],11.242503397256431,71.25025005621602,1.7834980110550835,20.220441218669066,5.971863692578424
Rnaught[106],13.508228788003052,73.0692511868377,1.4748580911676794,24.180265741040902,7.251971341055997
Rnaught[107],22.76367657526492,112.24543931204248,3.720762076824141,39.85209123624443,12.89621361467359
Rnaught[108],13.518157261557905,89.35835872447748,1.9216726828037183,26.19720967457999,6.862542304780467
Rnaught[109],41.50077902738961,139.50007759650003,8.987282358710713,66.9376114842924,24.525387020048868
Rnaught[110],170.71854636632077,1491.1277160538336,20.155823348708065,615.4451548244506,44.91753286582037
Rnaught[111],121.34021068295371,876.5153672973711,25.434568141654694,361.6751795612074,50.663531058683176
Rnaught[112],3.7674091797108904,22.523737470705456,1.5675125828783392,5.302779802123677,2.5537887413546025
Rnaught[113],15.118473413813756,65.38295738892634,4.352286965612586,23.04636616454209,8.65867576562997
Rnaught[114],10.649034692513936,46.780964862687824,2.3070229644160007,17.008484174190556,6.364240498436258
Rnaught[115],13.497780726788664,79.4583922665963,2.2799651751308154,24.553341425623756,7.4148856921228266
Rnaught[116],18.27240673446,88.4196989685171,3.6039340971833567,30.233229910358958,10.027771458491035
Rnaught[117],18.02208232159295,106.65182966139339,3.662427710036081,30.945758674829413,10.436948893585779
Rnaught[118],13.134576025297143,68.96600874048782,2.2758253212316903,23.817002524725947,6.986009731142371
Rnaught[119],10.632738109982544,65.73272908139799,1.182717861079975,20.69411819714598,5.260337099395159
Rnaught[120],19.27802784425034,112.78419248377695,2.5739842241518236,33.90789311485828,9.271992970441408
Rnaught[121],10.750646648094577,118.67864591621141,1.0791430990381339,25.290397793482164,4.409211050355253
Rnaught[122],32.35339276097236,228.27307858443726,3.3287667785656625,61.899099774777646,16.616240031027296
Rnaught[123],17.749022120097464,120.20540405642596,2.6461639916926227,34.51651594285807,9.417274185700204
Rnaught[124],9.610934958529352,91.77829506126388,1.1085781787551798,20.727632951699313,4.560727804243089
Rnaught[125],21.28025124673789,139.96178437593204,3.2343581659569094,41.4906012991116,10.964786905291353
Rnaught[126],8.898148115299435,74.96060073939758,1.1975128863489013,17.777638350703374,4.3095329446153485
Rnaught[127],8.25943715352246,81.05586724096513,0.8511706077890288,18.032504529604374,3.8796115641453346
Rnaught[128],8.568466651869755,82.78221982696508,0.5043938029391883,18.706223347584007,3.7869748920449355
Rnaught[129],12.659204350129784,137.1073575768196,1.151702106913108,28.827863295261892,5.4554989469247195
Rnaught[130],18.45364023637081,117.05338501648838,2.140497844691189,34.17172419565606,9.435552695777023
Rnaught[131],24.188221106646303,154.8573146805299,4.360052220157514,45.512491069437615,13.095704880807483
Rnaught[132],20.82073221205257,114.26914315590723,2.9313683710284804,36.0848190711979,10.906075835817767
Rnaught[133],17.401818305006,90.9105524477146,3.8282425185899833,30.635970568320737,9.911971063774823
Rnaught[134],32.02021908523294,112.73272805845615,6.219997799974499,49.99775485130816,20.01989853876145
Rnaught[135],29.615229864179266,112.00225250087401,5.598969598640071,49.18410741362358,17.46525352167072
Rnaught[136],22.058447383409572,67.54487905355423,2.6709183422114213,37.53141478442078,13.189941975509777
Rnaught[137],40.04624496993155,93.83847580796721,14.47224584117169,55.105820959099404,25.85964127013838
Rnaught[138],110.44190993067667,208.56014754700303,68.63906505603117,136.043317502368,91.00141008605108
Rnaught[139],5.8895914694322284,16.31459343678447,0.6727147871261789,9.95460131498783,3.2472994176830414
Rnaught[140],6.04733318113869,49.602245968065255,0.5273810597044176,10.817075439044306,3.300387168655406
Rnaught[141],9.849248904620492,63.350792799345854,2.312426588168693,16.346466504264548,5.908719481804432
Rnaught[142],18.72394925595534,116.45046569921794,3.9804068151634295,33.79820087588384,10.058423991726869
Rnaught[143],15.187010312326548,75.00833784203253,2.7319070252455937,28.179785273232522,8.308199468486306
Rnaught[144],20.565387633637876,115.81596911944132,3.822804937424229,36.91305767703081,11.325982895506044
Rnaught[145],26.364450171158083,144.87883424359669,4.97520124530025,51.30768381065608,14.352532937142218
Rnaught[146],36.92490724727567,153.17701666116116,8.212796752164328,63.42025089315973,22.169954940210843
Rnaught[147],28.43527239348049,169.8258821892814,4.374010848168373,51.1767855359859,15.59704623484578
Rnaught[148],54.007326432306456,306.49819036959155,7.630420624087047,106.76983965990541,27.379302516196685
Rnaught[149],42.69499055492693,226.74782351907254,7.357952419584433,81.52176598165333,23.238856269986144
Rnaught[150],25.070965419453948,169.90654461920735,2.9201988939053622,49.97591315467137,12.573609613005273
Rnaught[151],16.797996905637028,89.03670742238101,2.893906425131331,30.62288102292064,9.155123042922696
Rnaught[152],10.554029006764015,88.14632423259827,1.1483339029833515,20.89511056442615,5.165761247255642
Rnaught[153],24.315345108176025,167.60128199218047,3.5000080488541108,50.66685916134918,12.152668157485339
Rnaught[154],30.140441852099485,191.74747522689196,5.163175658659862,53.882821592244994,16.710414404777975
Rnaught[155],25.42946371110044,157.12290077089807,3.6722100017929606,48.48941902185534,13.499206096705288
Rnaught[156],17.453598183396473,211.91047071888866,1.4711395939712797,41.02072351251346,7.564925438309556
S[1],37016,37922,36585,37277,36870
S[2],38127,39079,37729,38380,37998
S[3],39182,40150,38632,39475,39028
S[4],39780,41008,38213,40321,39479
S[5],35380,37824,32076,36748,34033
S[6],28235,34967,23900.85,30611,27173
S[7],24738,28468.024999999994,21682.975000000002,25894,23687
S[8],22919,25399,19798.975000000002,23996,21611
S[9],20355,24782.024999999994,18103,23221,19490
S[10],19711,21888.024999999994,18249,20243,19022
S[11],19811,20603,19016,20122,19375
S[12],20410,21149.024999999994,20136,20672,20279
S[13],21488,21970,21365,21581,21439
S[14],22729,22919,22659,22771,22695
S[15],24014,24113,23968,24042,23988
S[16],25316,25387,25286,25355,25302
S[17],26630,26701,26606,26672,26619
S[18],27949,28017,27927,27992,27940
S[19],29271,29338,29250,29315,29262
S[20],30592,30657,30572,30636,30583
S[21],31915,31980,31894,31959,31906
S[22],33238,33304,33218,33282,33229
S[23],34561,34627,34540,34605,34552
S[24],35884,35949,35861,35928,35874
S[25],37205,37270,37179,37246,37195
S[26],38527,38593,38500,38567,38516
S[27],39848,39913,39814,39889,39837
S[28],41209,41271,41148,41247,41195
S[29],42544,42617,42407,42575,42513
S[30],43787.5,43934,43467,43843,43696
S[31],44446,44940,42808,44710,43985
S[32],35988,42864,24950.975000000002,39269,33105
S[33],15107,19800,11937,16670,13362
S[34],13766,16662,12752,14659,13178
S[35],14264,15177.024999999994,14011,14541,14132
S[36],15443,15897,15301,15558,15375
S[37],16733,17156,16636,16796,16674
S[38],18065,18174,17987,18104,18017
S[39],19391,19486,19342,19430,19363
S[40],20736,20821,20699,20779,20716
S[41],22091,22175,22057,22137,22074
S[42],23454,23537,23418,23499,23437
S[43],24818,24896,24782,24862,24801
S[44],26181,26261,26146,26220,26164
S[45],27538,27618,27503,27570,27522
S[46],28900,28981,28866,28932,28885
S[47],30261,30342,30227,30292,30247
S[48],31624,31706,31591,31655,31610
S[49],32988,33070,32954,33019,32974
S[50],34348,34432,34313,34381,34334
S[51],35709,35796,35675,35745,35697
S[52],37072,37160,37035,37107,37058
S[53],38431,38521,38376,38466,38416
S[54],39818,39905,39738,39847,39795
S[55],41180,41275,41021,41213,41128
S[56],42497,42650,42238,42555,42435
S[57],43782,44e3,43313,43881,43702
S[58],45048,45254,44206,45130,44812
S[59],45928,46388,44723,46137,45543
S[60],45618,46767,43936,46236,44900
S[61],20289,29001.04999999999,16141,23121,18047
S[62],17134,20603,16478,19137,16735
S[63],17985,19360.024999999994,17793,18168,17883
S[64],19239,19826,19142,19304,19195
S[65],20587,20735,20518,20624,20559
S[66],21962,22045,21908,21987,21944
S[67],23355,23418,23308,23374,23339
S[68],24752,24801,24707,24768,24736
S[69],26150,26182,26106,26162,26133
S[70],27551,27583,27509,27565,27535
S[71],28957,28986,28914,28971,28941
S[72],30361,30392,30320,30377,30346
S[73],31765,31794,31724,31781,31748
S[74],33170,33199,33126,33186,33152
S[75],34568,34599,34523,34582,34548
S[76],35970,36004,35924,35983,35950
S[77],37370,37405,37323,37383,37350
S[78],38769,38804,38717,38783,38749
S[79],40162,40204,40086,40180,40141
S[80],41582,41647,41217,41608,41525
S[81],42937.5,43082,42045,43011,42598
S[82],44069,44438,43217,44273,43840
S[83],45149,45444,43614,45245,44353
S[84],22689,44684,12253.975,41351,16351
S[85],12722,21117,11042,14590.25,11811
S[86],12695,14263,12331,13017,12511
S[87],13882,14281,13674,13991,13797
S[88],15203,15396,15076,15276,15149
S[89],16581,16752,16495,16620,16547
S[90],18002,18130,17934,18030,17969
S[91],19433,19533,19377,19463,19404
S[92],20876,20942,20824,20903,20843
S[93],22320,22367,22272,22348,22286
S[94],23768,23811,23720,23797,23734
S[95],25217,25260,25170,25246,25182
S[96],26667,26709,26619,26695,26631
S[97],28116,28158,28068,28144,28080
S[98],29566,29607,29515,29594,29529
S[99],31014,31056,30964,31044,30978
S[100],32464,32505,32413,32493,32427
S[101],33913,33955,33862,33943,33876
S[102],35361,35403,35311,35392,35324
S[103],36810,36852,36757,36840,36772
S[104],38256,38298,38196,38285,38219
S[105],39703,39747,39636,39732,39665
S[106],41192,41237,41112,41220,41152
S[107],42678,42724,42588,42704,42634
S[108],44146,44206,44009,44173,44089
S[109],45601,45674,45207,45641,45528
S[110],46947,47095,46025.975,47037,46746
S[111],45344,47937,37710,47182,41234.75
S[112],20108,28027,16097.975,21442,18645
S[113],17408.5,19640.024999999994,15602,18262,16416
S[114],16640,18010,15808.975,17021,16338
S[115],17371,18057,17005,17573,17209
S[116],18567,19085,18354,18705,18467
S[117],19890,20274,19800,19967,19849
S[118],21312,21533,21263,21341,21291
S[119],22780,22863,22743,22794,22764
S[120],24264,24313,24229,24276,24250
S[121],25751,25787,25719,25763,25738
S[122],27241,27270,27211,27252,27228
S[123],28730,28757,28701,28741,28716
S[124],30220,30246,30191,30231,30207
S[125],31712,31737,31683,31723,31699
S[126],33202,33227,33173,33213,33189
S[127],34693,34719,34664,34705,34680
S[128],36185,36211,36153,36197,36169
S[129],37675,37703,37637,37687,37659
S[130],39163,39194,39117,39177,39145
S[131],40647,40681,40579,40662,40628
S[132],42160,42205,42037,42180,42135
S[133],43661,43722,43462,43687,43622
S[134],45136,45226,44911,45176,45067
S[135],46479,46675,45983,46579,46338
S[136],47546,47998,46168,47768,46928
S[137],48068,48736,45307,48346,47495
S[138],45541,47896,41967.975,46906,44122
S[139],20432,26907.024999999994,15409,23424,17912
S[140],16147,17998.024999999994,15200,16674,15756
S[141],16733,17927,16417,16959,16610
S[142],18023,18774,17850,18124,17952
S[143],19431,19703.024999999994,19322,19480,19391
S[144],20910,21035,20822,20946,20874
S[145],22415,22518,22339,22449,22379
S[146],23930,24017,23860,23962,23896
S[147],25445,25526,25384,25473,25417
S[148],26967,27033,26913,26995,26943
S[149],28486,28551,28438,28511,28466
S[150],30008,30072,29960,30033,29991
S[151],31536,31601,31489.975,31562,31519
S[152],33068,33135,33023,33095,33052
S[153],34602,34669,34558,34630,34587
S[154],36133,36203,36063,36161,36118
S[155],37660,37733,37572,37687,37641
S[156],39181,39254,39041,39205,39154
S0,37016.85874717547,37922.37705719434,36585.73662310948,37277.55320018812,36870.91532077729
sigma_gamma,1.237033884203474,1.4777083345065636,1.0583703032907956,1.3073454393434547,1.1691291082008206
upsilon,0.6674994646180703,0.8861930222921026,0.26985620231495727,0.7607278520804958,0.5339429577976625
