"do_grid","loglik","loglik_se","value","parameter"
NA,NA,NA,NA,NA
391,-5300.65386624858,24.3408945902889,0.526101035152195,"rho"
287,-3638.95866669034,31.8859426582767,0.505534735461588,"rho"
285,-3217.01508629419,24.2209571650631,0.495251585616284,"rho"
495,-3152.1161378148,4.18298748206163,0.546667334842803,"rho"
284,-2537.38517300711,14.6586996206532,0.490110010693632,"rho"
298,-3761.51885066873,3.84862954108243,0.562092059610758,"rho"
292,-2316.25936904436,78.6753174259842,0.531242610074847,"rho"
294,-3164.57210388437,14.5890091937132,0.541525759920151,"rho"
286,-3022.12597157919,65.5729068519317,0.500393160538936,"rho"
289,-2717.00936674392,71.8309239913193,0.515817885306892,"rho"
291,-1873.41524872602,63.182148895429,0.526101035152195,"rho"
297,-2959.85961288198,3.37264923590912,0.556950484688106,"rho"
290,-3074.72725768452,8.8870567040658,0.520959460229544,"rho"
288,-2526.30925347592,82.2073514054404,0.51067631038424,"rho"
293,-3129.48732651215,13.4275787792642,0.536384184997499,"rho"
296,-3339.3624111907,10.1080370039858,0.551808909765455,"rho"
299,-2613.23023747291,113.356974913166,0.56723363453341,"rho"
300,-2028.71531268328,82.3113961205324,0.572375209456062,"rho"
387,-2694.41743584299,75.367867388266,0.505534735461588,"rho"
295,-2149.44753886013,85.3791778511575,0.546667334842803,"rho"
388,-2956.1468709436,5.56199770292503,0.51067631038424,"rho"
489,-2164.65014809253,126.383781637142,0.515817885306892,"rho"
491,-2642.76790074168,46.2003563612362,0.526101035152195,"rho"
493,-2757.04754999915,57.2914105880105,0.536384184997499,"rho"
399,-2977.2366375032,152.529331715793,0.56723363453341,"rho"
490,-3004.20310995613,7.61137874233616,0.520959460229544,"rho"
486,-2879.14282926457,3.21365371662232,0.500393160538936,"rho"
278,-2773.27386959429,11.6646432194848,0.459260561157721,"rho"
389,-3001.73674090199,29.7777893164537,0.515817885306892,"rho"
276,-2208.14735252596,41.0878367766749,0.448977411312417,"rho"
400,-3337.44563229123,15.4837123976672,0.572375209456062,"rho"
494,-2795.78975707423,103.321378305308,0.541525759920151,"rho"
386,-2016.43180680353,249.601252951636,0.500393160538936,"rho"
398,-3474.18842008037,48.4640489247958,0.562092059610758,"rho"
390,-2358.38696755334,17.1805216513147,0.520959460229544,"rho"
487,-2275.28392254047,12.3894110956645,0.505534735461588,"rho"
484,-2270.31301693246,91.0894317165118,0.490110010693632,"rho"
272,-3427.37172896905,25.5931354576217,0.42841111162181,"rho"
492,-2541.12272006928,150.976156374755,0.531242610074847,"rho"
394,-2180.75013450793,3.30813301651927,0.541525759920151,"rho"
384,-2277.03832355037,18.1254487222303,0.490110010693632,"rho"
382,-2284.82489055567,88.4109777128649,0.479826860848329,"rho"
488,-2539.56709742331,5.0200278071827,0.51067631038424,"rho"
393,-2307.75497778419,49.2547143427025,0.536384184997499,"rho"
277,-3165.33852784029,147.068185266252,0.454118986235069,"rho"
385,-2547.67601418537,32.3063820169725,0.495251585616284,"rho"
485,-3168.75140418756,2.65523667299795,0.495251585616284,"rho"
279,-2112.14182182246,26.4854836771638,0.464402136080373,"rho"
274,-3121.38242313586,99.8225200658162,0.438694261467114,"rho"
392,-2537.71167457481,47.8479805061768,0.531242610074847,"rho"
275,-2758.64220941915,29.8991545180447,0.443835836389766,"rho"
379,-3717.09447128868,64.5667367935376,0.464402136080373,"rho"
581,-2157.30961265725,4.49454002851829,0.474685285925677,"rho"
381,-2448.39638783258,50.5308927500801,0.474685285925677,"rho"
584,-1988.70286476925,7.81406814349918,0.490110010693632,"rho"
282,-2371.6541905693,42.5230467111948,0.479826860848329,"rho"
280,-2184.83590397024,98.1546647839606,0.469543711003025,"rho"
483,-2715.9246631306,14.1196451258814,0.48496843577098,"rho"
200,-2547.24925254901,20.8446258921377,0.572375209456062,"rho"
270,-2300.41882441524,92.7955904309279,0.418127961776506,"rho"
98,-4885.58540239496,65.4887169144203,0.562092059610758,"rho"
268,-2150.85956340524,1.74329651843403,0.407844811931203,"rho"
199,-3465.39011832253,1.05411087985451,0.56723363453341,"rho"
575,-2787.14847761752,48.1361734443159,0.443835836389766,"rho"
283,-2813.24520524103,131.215603179914,0.48496843577098,"rho"
478,-1953.75453150852,25.770349439523,0.459260561157721,"rho"
475,-2403.71139747514,21.7833969244348,0.443835836389766,"rho"
597,-4871.0836058967,11.5884737828539,0.556950484688106,"rho"
480,-2994.71566087754,3.21402810130792,0.469543711003025,"rho"
579,-2512.96795433864,12.7951765444355,0.464402136080373,"rho"
481,-3013.98313487342,8.99640673307627,0.474685285925677,"rho"
476,-2942.51946434746,18.3605297828915,0.448977411312417,"rho"
479,-2339.1869669596,52.4942463413709,0.464402136080373,"rho"
273,-2287.08572808515,55.0919771517697,0.433552686544462,"rho"
472,-2327.85428234511,3.50092555819081,0.42841111162181,"rho"
181,-4792.33004499013,84.5721892292439,0.474685285925677,"rho"
482,-2928.03421073344,39.2462894119248,0.479826860848329,"rho"
572,-2951.03132513393,1.47835994851205,0.42841111162181,"rho"
267,-2003.16787219088,9.48493566780482,0.402703237008551,"rho"
473,-2294.21900745094,148.990434690392,0.433552686544462,"rho"
576,-3077.34682297692,15.9788055296584,0.448977411312417,"rho"
474,-2549.62969411126,2.92859391475572,0.438694261467114,"rho"
271,-2143.61207246004,84.4995002092173,0.423269536699158,"rho"
195,-3138.0564564216,39.0134315835803,0.546667334842803,"rho"
573,-2337.8976861964,49.7983213302051,0.433552686544462,"rho"
269,-2766.59612648797,2.0876740061605,0.412986386853854,"rho"
499,-2524.27900851959,7.89210171131755,0.56723363453341,"rho"
578,-2904.9676991042,4.62101098695344,0.459260561157721,"rho"
574,-2711.69803164071,33.5114841471484,0.438694261467114,"rho"
470,-2115.07306104928,77.805115353131,0.418127961776506,"rho"
471,-2321.4982075368,14.9856226128049,0.423269536699158,"rho"
190,-2871.27999992851,4.1502401121915,0.520959460229544,"rho"
193,-2669.30287747975,12.8547721712516,0.536384184997499,"rho"
180,-4606.81737700218,12.6243737059503,0.469543711003025,"rho"
363,-4434.02671241625,73.4840154829444,0.382136937317943,"rho"
469,-1993.00217848474,36.6301689699804,0.412986386853854,"rho"
281,-2641.91562305397,67.9141052325057,0.474685285925677,"rho"
577,-2392.85354516075,11.9030532552276,0.454118986235069,"rho"
194,-2507.9196578872,33.4079938516112,0.541525759920151,"rho"
196,-2954.33602044757,33.1652889540541,0.551808909765455,"rho"
498,-2972.67602216007,33.9411154783939,0.562092059610758,"rho"
380,-2330.87534250286,21.2082794081643,0.469543711003025,"rho"
188,-2965.88789265728,0.967215902827711,0.51067631038424,"rho"
374,-2880.08793540873,11.3541437787388,0.438694261467114,"rho"
198,-2072.45212860476,132.189298642791,0.562092059610758,"rho"
377,-2303.92811949165,72.9985447696311,0.454118986235069,"rho"
192,-2557.98703895599,6.01516802306301,0.531242610074847,"rho"
373,-2428.59184450542,81.0925063364793,0.433552686544462,"rho"
378,-2817.94601263808,11.9046107271096,0.459260561157721,"rho"
191,-2115.62218095655,56.5212758591205,0.526101035152195,"rho"
100,-3181.03789333478,2.28881875988133,0.572375209456062,"rho"
366,-4034.67349600777,23.1956875451249,0.397561662085899,"rho"
197,-2086.33209381109,13.6245978867427,0.556950484688106,"rho"
585,-3005.29118255521,6.62672813453014,0.495251585616284,"rho"
500,-2884.44580271349,170.712194599672,0.572375209456062,"rho"
376,-2466.14709912986,5.08949969706393,0.448977411312417,"rho"
372,-2296.44125731733,39.4095692086034,0.42841111162181,"rho"
370,-2208.45657564792,1.33979898151955,0.418127961776506,"rho"
375,-2350.1016574743,22.8340736660901,0.443835836389766,"rho"
589,-2195.39279185635,0.984374303059476,0.515817885306892,"rho"
189,-2844.08270702613,41.2160310674929,0.515817885306892,"rho"
99,-2844.76957103761,4.80505634956146,0.56723363453341,"rho"
359,-1902.35590963821,27.2606262461341,0.361570637627336,"rho"
496,-3586.35264143799,229.176459561912,0.551808909765455,"rho"
497,-2215.70085677535,1.00072795506374,0.556950484688106,"rho"
183,-2485.39616418373,28.4246648684034,0.48496843577098,"rho"
184,-2966.48294773902,43.5903665653077,0.490110010693632,"rho"
96,-3602.0277520961,218.431669523492,0.551808909765455,"rho"
571,-2273.0365933855,20.381393297984,0.423269536699158,"rho"
468,-2315.68389367163,60.5298891355165,0.407844811931203,"rho"
371,-2684.66960232571,20.8909309364486,0.423269536699158,"rho"
265,-3092.67519361683,9.3909496083601,0.392420087163247,"rho"
185,-3031.23295734595,3.46434102619709,0.495251585616284,"rho"
477,-1988.29612100949,74.5951435320524,0.454118986235069,"rho"
567,-2375.03943163564,303.983570585214,0.402703237008551,"rho"
369,-2162.19273210522,42.2010183401465,0.412986386853854,"rho"
566,-2263.19022473688,8.12646083073644,0.397561662085899,"rho"
187,-2771.80215201593,1.6412507667077,0.505534735461588,"rho"
562,-2316.23776031463,257.898860281532,0.376995362395291,"rho"
564,-2463.59194636477,1.94292638358762,0.387278512240595,"rho"
230,-2536.26648587907,5.12048300073314,0.212464964870432,"rho"
586,-2139.41657377366,34.8735331633283,0.500393160538936,"rho"
568,-2630.64332953091,27.009476217431,0.407844811931203,"rho"
186,-2743.06301595892,50.8256041860861,0.500393160538936,"rho"
182,-2627.85198322011,31.2779293395414,0.479826860848329,"rho"
569,-2057.064701828,12.8127230769077,0.412986386853854,"rho"
570,-2497.26524132372,12.4632613283714,0.418127961776506,"rho"
561,-1828.02848882528,3.38758006500284,0.37185378747264,"rho"
565,-2249.01842263575,45.54655824524,0.392420087163247,"rho"
367,-2621.95864446411,15.3313082929657,0.402703237008551,"rho"
563,-2156.38954848371,3.74658274232493,0.382136937317943,"rho"
594,-2382.09685003049,3.1772403571135,0.541525759920151,"rho"
559,-1939.29893426806,32.678595750949,0.361570637627336,"rho"
176,-2611.09590951125,15.7446407278457,0.448977411312417,"rho"
362,-2364.38891759622,33.2658895800401,0.376995362395291,"rho"
70,-3616.93363546047,35.8790011923657,0.418127961776506,"rho"
429,-2501.08453147125,32.0591488527517,0.20732338994778,"rho"
178,-2711.91017913594,14.640734171192,0.459260561157721,"rho"
177,-2493.93073320583,10.9582529275784,0.454118986235069,"rho"
590,-2923.2557691794,33.7616425373561,0.520959460229544,"rho"
348,-1927.51858847235,23.4135511379303,0.305013313478166,"rho"
365,-2022.30378428892,11.1270560522939,0.392420087163247,"rho"
179,-2373.78505883796,15.3136607683445,0.464402136080373,"rho"
553,-1894.83679486228,2.39177765956492,0.330721188091425,"rho"
349,-1852.37774397788,9.05400926034817,0.310154888400817,"rho"
593,-2676.36161864823,68.9381561750027,0.536384184997499,"rho"
97,-2302.16770880762,22.5931543147835,0.556950484688106,"rho"
552,-2256.16913246769,20.6743783112264,0.325579613168773,"rho"
397,-3169.37866990991,27.5780008939545,0.556950484688106,"rho"
174,-2576.5996545297,31.2801285839811,0.438694261467114,"rho"
266,-1779.15630246898,59.4288793731987,0.397561662085899,"rho"
560,-2014.451821684,17.8008661974995,0.366712212549988,"rho"
358,-1942.48335622696,39.1736439665071,0.356429062704684,"rho"
462,-2850.34606657827,16.4333611603003,0.376995362395291,"rho"
555,-1818.16823240658,15.7157232294649,0.341004337936728,"rho"
361,-2201.11050797063,24.0335437234531,0.37185378747264,"rho"
364,-2210.90489018266,44.2388275087952,0.387278512240595,"rho"
545,-1955.19911076706,13.1652073684113,0.28958858871021,"rho"
424,-1538.79827415962,3.85793298937868,0.181615515334521,"rho"
360,-2237.7591589102,16.5292102543983,0.366712212549988,"rho"
345,-1581.10300397684,2.18525762453847,0.28958858871021,"rho"
263,-2157.33441866388,18.9657940115747,0.382136937317943,"rho"
463,-1751.39467135232,79.3613433591615,0.382136937317943,"rho"
549,-1664.74868557816,4.12793160746778,0.310154888400817,"rho"
346,-1958.34275751225,1.96486332602949,0.294730163632862,"rho"
357,-1916.2167776758,15.067309261971,0.351287487782032,"rho"
459,-2024.20353660561,67.5200607681196,0.361570637627336,"rho"
558,-2821.94450871608,28.9950987259698,0.356429062704684,"rho"
425,-1513.17500471936,2.7623022207835,0.186757090257173,"rho"
556,-1983.36331565129,4.57190475663787,0.34614591285938,"rho"
342,-1555.28044713481,3.29060536102469,0.274163863942254,"rho"
465,-2211.331183798,30.2206001637801,0.392420087163247,"rho"
264,-2039.07763784857,29.25287239407,0.387278512240595,"rho"
464,-1904.67121010172,53.6600923474902,0.387278512240595,"rho"
557,-1980.6928464234,17.1538062216565,0.351287487782032,"rho"
449,-2191.76257235256,32.6106733452328,0.310154888400817,"rho"
554,-1831.37107940319,17.7525053447097,0.335862763014077,"rho"
344,-1680.49933058641,3.42346790177241,0.284447013787558,"rho"
548,-1665.95920360481,5.4988470973166,0.305013313478166,"rho"
457,-2359.30148282806,61.6540191516616,0.351287487782032,"rho"
467,-2389.47967229601,2.20773604362728,0.402703237008551,"rho"
461,-2309.40205227585,4.54115401052933,0.37185378747264,"rho"
420,-2554.4622371008,27.5933760955855,0.161049215643914,"rho"
355,-1847.23999254554,0.987741800675486,0.341004337936728,"rho"
17,-1512.19123239103,3.54724416321144,0.145624490875958,"rho"
396,-2907.98474237294,22.2695975939266,0.551808909765455,"rho"
175,-3154.18868136221,30.6838606364817,0.443835836389766,"rho"
123,-1515.12411420178,0.645464061510357,0.176473940411869,"rho"
460,-2102.07715653344,29.7200198569711,0.366712212549988,"rho"
550,-1813.85338821248,33.8532281273462,0.315296463323469,"rho"
458,-2148.27190509546,5.07212792540256,0.356429062704684,"rho"
395,-3161.63333054986,5.73556310535565,0.546667334842803,"rho"
547,-1719.31808518635,16.1196861633349,0.299871738555514,"rho"
226,-1690.00869283581,42.9664128439176,0.191898665179825,"rho"
262,-2193.56294278125,9.04816279621609,0.376995362395291,"rho"
122,-1582.51453317176,0.999858175205261,0.171332365489217,"rho"
551,-2145.52188288898,57.8527981010847,0.320438038246121,"rho"
343,-1663.96284596518,3.0343925270951,0.279305438864906,"rho"
124,-1562.29297617886,1.44300756477495,0.181615515334521,"rho"
544,-1613.6759080561,4.46003687515319,0.284447013787558,"rho"
451,-1846.1872576623,2.82699886646317,0.320438038246121,"rho"
341,-1720.56825772599,11.4189578999289,0.269022289019603,"rho"
227,-1537.6129027337,4.0413340124173,0.197040240102477,"rho"
466,-2497.10699082773,33.8933504158619,0.397561662085899,"rho"
447,-1628.87857945673,4.47748547848423,0.299871738555514,"rho"
232,-1484.93977382038,2.34859261758452,0.222748114715736,"rho"
20,-1542.94330841739,0.698937693864235,0.161049215643914,"rho"
229,-1486.13555029724,1.4514816599175,0.20732338994778,"rho"
587,-2792.15500449505,19.79167536219,0.505534735461588,"rho"
422,-1497.64658348743,2.17343650033391,0.171332365489217,"rho"
446,-2029.4672073862,20.2376400453416,0.294730163632862,"rho"
76,-2615.86326484213,11.4672829702578,0.448977411312417,"rho"
340,-1510.57916506183,2.37097922887641,0.263880714096951,"rho"
450,-1998.03644776753,48.6863452349594,0.315296463323469,"rho"
339,-1505.95565462496,0.799906033994036,0.258739139174299,"rho"
423,-1565.1981576729,11.1160093814773,0.176473940411869,"rho"
456,-1942.31604642588,11.0212170157661,0.34614591285938,"rho"
121,-1525.91982637572,2.8092247782685,0.166190790566565,"rho"
356,-1943.40660099289,7.98487763601624,0.34614591285938,"rho"
437,-1625.73206292554,28.3385693919419,0.248455989328995,"rho"
231,-1511.96372665323,0.523044356123236,0.217606539793084,"rho"
435,-1575.62282982814,0.749371726265874,0.238172839483691,"rho"
56,-2127.13979791743,15.6487285796827,0.34614591285938,"rho"
228,-1503.87909094202,1.11813913762806,0.202181815025128,"rho"
80,-2873.13327847433,32.3016434340164,0.469543711003025,"rho"
539,-1548.36262249728,14.2835874730042,0.258739139174299,"rho"
543,-1612.01674007987,0.908848696997001,0.279305438864906,"rho"
150,-2735.4678793073,12.0173274794998,0.315296463323469,"rho"
439,-1619.64549844436,5.11623890624622,0.258739139174299,"rho"
546,-1776.25445563256,3.39636338105541,0.294730163632862,"rho"
23,-1575.76262021948,13.374331453643,0.176473940411869,"rho"
452,-1953.26777917554,21.4758278113972,0.325579613168773,"rho"
18,-1537.28979770956,13.9864692198619,0.15076606579861,"rho"
88,-2905.61589182552,8.14124080499263,0.51067631038424,"rho"
338,-1496.19585544151,0.555003737382773,0.253597564251647,"rho"
90,-2692.10016117523,488.941613765863,0.520959460229544,"rho"
436,-1624.93981506095,9.22975648247995,0.243314414406343,"rho"
14,-2989.5029844561,7.80788275543915,0.130199766108002,"rho"
454,-1878.5855061582,1.10529127615057,0.335862763014077,"rho"
528,-2149.44236231626,6.98028861579199,0.202181815025128,"rho"
413,-2303.88535407569,59.4753146953716,0.12505819118535,"rho"
421,-1499.69941399887,4.64649991895427,0.166190790566565,"rho"
541,-1497.96195780758,3.5914751705387,0.269022289019603,"rho"
158,-1987.65930683466,133.549251948425,0.356429062704684,"rho"
82,-2409.79286677997,16.9084499277678,0.479826860848329,"rho"
445,-1704.10061200482,32.6674305920281,0.28958858871021,"rho"
225,-1560.30198785789,1.49171772734751,0.186757090257173,"rho"
95,-2284.21775800349,2.1163599276589,0.546667334842803,"rho"
26,-1529.14875492262,0.963646410157248,0.191898665179825,"rho"
223,-1553.45735675591,1.4846911093728,0.176473940411869,"rho"
91,-3857.43255482178,71.9362948448945,0.526101035152195,"rho"
432,-1506.62357636266,9.89718146592525,0.222748114715736,"rho"
444,-1851.76985391181,30.0160097509601,0.284447013787558,"rho"
83,-2855.2384529601,27.632965885715,0.48496843577098,"rho"
78,-3108.28835546597,23.5740142716652,0.459260561157721,"rho"
542,-1527.31315964944,1.82456073678479,0.274163863942254,"rho"
86,-2789.67956284668,9.33005803016897,0.500393160538936,"rho"
12,-3073.0251423861,11.1404440827181,0.119916616262699,"rho"
89,-2552.64949759671,45.3523409744407,0.515817885306892,"rho"
24,-1663.37084869642,2.50359000473214,0.181615515334521,"rho"
57,-1877.30387913199,41.198942904466,0.351287487782032,"rho"
94,-2981.4518896938,5.90833046095598,0.541525759920151,"rho"
540,-1560.84512329369,13.9621326327074,0.263880714096951,"rho"
79,-2204.05960128502,63.6503875921544,0.464402136080373,"rho"
159,-2101.9575408915,33.1198146858739,0.361570637627336,"rho"
58,-2160.72126090806,21.7927347329079,0.356429062704684,"rho"
154,-2033.68977807512,32.4590898989707,0.335862763014077,"rho"
77,-3084.76199231037,17.9191426484042,0.454118986235069,"rho"
153,-1912.69054418688,21.9479279621428,0.330721188091425,"rho"
155,-1794.21964268717,9.15754604806286,0.341004337936728,"rho"
455,-1938.94011393284,8.33800046897351,0.341004337936728,"rho"
224,-1548.29789030214,6.08852798379885,0.181615515334521,"rho"
438,-1501.57882437647,2.26628091040578,0.253597564251647,"rho"
538,-1932.45768300436,1.22670611958536,0.253597564251647,"rho"
434,-1495.20965427236,4.50071415846732,0.23303126456104,"rho"
536,-1508.09475440725,4.02698113528945,0.243314414406343,"rho"
87,-2933.72120102686,9.60783891872526,0.505534735461588,"rho"
92,-2353.16473722176,16.3694344147058,0.531242610074847,"rho"
337,-1482.68872768554,6.5844225632715,0.248455989328995,"rho"
59,-2035.98947560643,29.5930478495908,0.361570637627336,"rho"
156,-2445.83139605365,51.2745885730629,0.34614591285938,"rho"
74,-2229.16299207772,18.2364910954335,0.438694261467114,"rho"
261,-2008.37555004486,13.1404435660307,0.37185378747264,"rho"
22,-1578.47895535137,3.14627585505778,0.171332365489217,"rho"
430,-1539.41996778556,1.39937723245145,0.212464964870432,"rho"
93,-2987.28136378383,5.02204839021539,0.536384184997499,"rho"
71,-2392.35512233838,25.2053621847734,0.423269536699158,"rho"
336,-1570.71544269332,1.87039594477321,0.243314414406343,"rho"
157,-2395.18607760188,2.0568184358177,0.351287487782032,"rho"
148,-1890.7497780942,36.5459380345301,0.305013313478166,"rho"
431,-1527.89868366172,10.0701724033718,0.217606539793084,"rho"
13,-1528.66667547014,2.21517475371232,0.12505819118535,"rho"
60,-2121.88287183232,4.05952133668792,0.366712212549988,"rho"
25,-1604.96926557629,2.13041533880944,0.186757090257173,"rho"
152,-1986.58543883605,13.3948968288951,0.325579613168773,"rho"
53,-2092.28253509322,12.4282453213913,0.330721188091425,"rho"
75,-3092.24221286337,48.8393489855738,0.443835836389766,"rho"
260,-2141.99221773464,27.9212062341242,0.366712212549988,"rho"
519,-3616.99056918164,9.93694256416401,0.155907640721262,"rho"
16,-1785.75586310684,21.9251037300519,0.140482915953306,"rho"
453,-2104.22257094136,73.7212867833129,0.330721188091425,"rho"
433,-1475.59881519607,0.494226071586629,0.227889689638388,"rho"
535,-1509.42882601742,0.483757655741983,0.238172839483691,"rho"
85,-2835.81532560841,1.34493582944788,0.495251585616284,"rho"
62,-2291.12953373929,32.0674564888988,0.376995362395291,"rho"
146,-1559.81409241689,10.8010032398395,0.294730163632862,"rho"
534,-1513.02926121799,2.3054444777611,0.23303126456104,"rho"
441,-1809.66200043256,3.81694730152945,0.269022289019603,"rho"
414,-1611.89809300974,0.707657484266366,0.130199766108002,"rho"
73,-2264.47780232002,13.6463479373258,0.433552686544462,"rho"
533,-1496.47380220216,4.13967822815698,0.227889689638388,"rho"
81,-2661.15796037317,148.649982380897,0.474685285925677,"rho"
72,-2790.44343659291,14.0885453209427,0.42841111162181,"rho"
311,-1831.97417471076,137.573642934713,0.114775041340047,"rho"
220,-1622.24768483085,1.22336364363355,0.161049215643914,"rho"
52,-1993.26919562599,2.69113709637242,0.325579613168773,"rho"
151,-1708.61683598336,39.38864246935,0.320438038246121,"rho"
221,-1603.25347339146,10.2282836139786,0.166190790566565,"rho"
54,-1973.27448594654,28.5980777329697,0.335862763014077,"rho"
55,-1771.4114776241,1.19456941269282,0.341004337936728,"rho"
537,-1519.25308219192,11.8577420502458,0.248455989328995,"rho"
440,-1677.86099054065,10.5263673201004,0.263880714096951,"rho"
442,-1631.35211927039,6.54086222842753,0.274163863942254,"rho"
521,-3449.03389461623,48.1781288765801,0.166190790566565,"rho"
532,-1482.36617613908,0.876210191344396,0.222748114715736,"rho"
443,-1494.08193553114,1.69073143468174,0.279305438864906,"rho"
312,-1618.48811080289,11.6076912109138,0.119916616262699,"rho"
147,-1653.32004478545,14.1497113756778,0.299871738555514,"rho"
61,-2094.41633726634,6.35658813194374,0.37185378747264,"rho"
172,-3060.06808911975,18.1340249336563,0.42841111162181,"rho"
530,-1493.55978095501,4.18466316118904,0.212464964870432,"rho"
125,-1694.5596972015,1.45591652592731,0.186757090257173,"rho"
582,-3009.94093672842,2.96520282085277,0.479826860848329,"rho"
417,-5007.66522288022,1.89231481259522,0.145624490875958,"rho"
580,-2396.50744663206,8.63539468117981,0.469543711003025,"rho"
84,-2243.57518063136,18.9865090452264,0.490110010693632,"rho"
222,-1567.87688115491,8.00519921973645,0.171332365489217,"rho"
426,-1499.84414497292,2.80189209844195,0.191898665179825,"rho"
21,-1532.13968952481,1.24181134335435,0.166190790566565,"rho"
595,-3219.3454679158,16.54182424296,0.546667334842803,"rho"
428,-1500.18802147377,1.7031605935403,0.202181815025128,"rho"
217,-1905.62072247241,24.2524948837739,0.145624490875958,"rho"
411,-1523.58240555156,0.370711036710127,0.114775041340047,"rho"
531,-1497.20034971269,9.45880907273697,0.217606539793084,"rho"
149,-1727.50399960739,4.36498019344159,0.310154888400817,"rho"
50,-1803.11683569863,3.23884101097236,0.315296463323469,"rho"
529,-1499.64540910655,2.41618160190294,0.20732338994778,"rho"
51,-1893.76051628221,24.5139886830032,0.320438038246121,"rho"
141,-1557.36404165046,0.748132838616756,0.269022289019603,"rho"
249,-3167.70125897619,41.6451327112736,0.310154888400817,"rho"
49,-1614.61137279675,2.01848925454347,0.310154888400817,"rho"
15,-1612.21631667778,1.19207039693429,0.135341341030654,"rho"
171,-2977.67874321835,12.4109346920453,0.423269536699158,"rho"
216,-1508.13762585615,13.3021932758173,0.140482915953306,"rho"
412,-1639.99864649719,7.57481623278227,0.119916616262699,"rho"
527,-1527.5039616274,1.25689343389516,0.197040240102477,"rho"
310,-1547.24149208516,2.16152770129099,0.109633466417395,"rho"
427,-1528.53305802706,4.02499717060388,0.197040240102477,"rho"
10,-1973.78497993917,11.7078349691694,0.109633466417395,"rho"
164,-1980.09258556211,7.70007645145248,0.387278512240595,"rho"
219,-1648.49715844495,0.551861242170177,0.155907640721262,"rho"
257,-1945.12997877506,35.731305047768,0.351287487782032,"rho"
215,-2004.4306225713,11.5677146046104,0.135341341030654,"rho"
245,-1536.26646632154,0.848508516950173,0.28958858871021,"rho"
525,-1506.29759230108,5.45197210418568,0.186757090257173,"rho"
170,-2062.68498945801,39.4013642590107,0.418127961776506,"rho"
600,-2009.20737106922,29.8891103994753,0.572375209456062,"rho"
42,-1579.68321132276,6.74405100282646,0.274163863942254,"rho"
256,-1698.48954107439,17.9957186414123,0.34614591285938,"rho"
38,-1475.92739498983,0.880569656175814,0.253597564251647,"rho"
244,-1576.5022289945,9.78636129930076,0.284447013787558,"rho"
37,-1520.52629536275,1.10590046582894,0.248455989328995,"rho"
167,-2367.30882046002,56.04123513091,0.402703237008551,"rho"
8,-1912.14977737833,23.371701091355,0.0993503165720912,"rho"
214,-1570.71426414302,1.66537828802133,0.130199766108002,"rho"
522,-1535.69221793744,1.13929984018448,0.171332365489217,"rho"
255,-1918.68050800595,41.3741411037953,0.341004337936728,"rho"
523,-1628.54799330269,14.2946107304169,0.176473940411869,"rho"
11,-1570.64462083841,0.712320999965213,0.114775041340047,"rho"
254,-1724.56851271378,40.3399211640155,0.335862763014077,"rho"
69,-2702.5879221522,53.7020362834258,0.412986386853854,"rho"
168,-2119.44345630679,21.0528987478589,0.407844811931203,"rho"
259,-2103.09480761913,7.561801586769,0.361570637627336,"rho"
520,-1536.78335332981,18.3691692868209,0.161049215643914,"rho"
253,-1928.9091570261,14.9907582015443,0.330721188091425,"rho"
144,-1688.10940938665,13.3771039545859,0.284447013787558,"rho"
35,-1509.39729178802,4.40757953454965,0.238172839483691,"rho"
583,-2480.55261158561,25.2405939285725,0.48496843577098,"rho"
258,-2140.52086732199,30.8376810432164,0.356429062704684,"rho"
251,-1746.88646769878,12.048631865124,0.320438038246121,"rho"
252,-2287.29016504516,31.2479835378772,0.325579613168773,"rho"
142,-1891.52123378888,69.8928921280312,0.274163863942254,"rho"
145,-1646.43576907557,15.3331041363669,0.28958858871021,"rho"
64,-3074.93459774368,11.8068079649194,0.387278512240595,"rho"
250,-2035.47503548473,9.38949183360834,0.315296463323469,"rho"
36,-1521.00880092973,5.77505952343519,0.243314414406343,"rho"
406,-3136.78131349712,59.0772069771907,0.0890671667267875,"rho"
518,-1544.78440640927,5.84450235173531,0.15076606579861,"rho"
241,-1515.12423872783,7.74683378882943,0.269022289019603,"rho"
66,-2460.63251297678,8.88192781425966,0.397561662085899,"rho"
354,-2007.50474003049,3.79107187546305,0.335862763014077,"rho"
409,-1878.20328200439,117.923327887461,0.104491891494743,"rho"
165,-2149.75122385431,25.9227365154863,0.392420087163247,"rho"
34,-1474.41084521277,1.21322552952771,0.23303126456104,"rho"
139,-1548.0404408897,6.33557876235601,0.258739139174299,"rho"
166,-2016.57106822104,1.16282681761988,0.397561662085899,"rho"
19,-1512.64794057944,0.646355320202509,0.155907640721262,"rho"
350,-1871.28085253487,51.3197475798074,0.315296463323469,"rho"
410,-2138.15600575535,39.4862872871704,0.109633466417395,"rho"
137,-1522.06288869325,5.49266273108891,0.248455989328995,"rho"
416,-1538.97084824178,0.730313522487136,0.140482915953306,"rho"
246,-1823.83594105154,3.5889709245233,0.294730163632862,"rho"
418,-1544.00156172149,6.22778622776773,0.15076606579861,"rho"
1,-5188.50610605223,5.3858411217371,0.0633592921135282,"rho"
598,-2871.25555077813,2.69373994380669,0.562092059610758,"rho"
40,-1503.15489374786,1.64449489668422,0.263880714096951,"rho"
138,-1504.3021154725,1.18407175707178,0.253597564251647,"rho"
514,-1666.45847105649,10.9640066865831,0.130199766108002,"rho"
240,-1518.09519317103,8.85266574374339,0.263880714096951,"rho"
173,-2212.46372996504,12.2327787141781,0.433552686544462,"rho"
32,-1477.71657392958,1.14180088133082,0.222748114715736,"rho"
67,-2549.54581732293,40.6912122242116,0.402703237008551,"rho"
41,-1564.68806582063,1.02237244015689,0.269022289019603,"rho"
163,-2686.67591235767,6.12303691364639,0.382136937317943,"rho"
169,-2233.31893138932,2.33135782703787,0.412986386853854,"rho"
591,-2554.35319094651,5.76313338589141,0.526101035152195,"rho"
517,-1617.76829011877,5.02582911874143,0.145624490875958,"rho"
599,-2937.34344522789,1.11974537255953,0.56723363453341,"rho"
242,-1579.75669929429,9.5156863079547,0.274163863942254,"rho"
419,-1604.14437526397,12.7678082635946,0.155907640721262,"rho"
301,-3535.82836402613,10.0283458334329,0.0633592921135282,"rho"
352,-1603.84796642368,11.4858959734479,0.325579613168773,"rho"
136,-1495.63325094793,0.889666335937156,0.243314414406343,"rho"
3,-2784.03148498718,52.1765020763052,0.0736424419588319,"rho"
415,-1810.76624416656,2.9829002561217,0.135341341030654,"rho"
39,-1551.32104558283,0.889898175345557,0.258739139174299,"rho"
243,-1597.22740071701,6.92682837315883,0.279305438864906,"rho"
516,-1586.84315194049,1.05963425951238,0.140482915953306,"rho"
353,-1878.11328380971,27.6016486178977,0.330721188091425,"rho"
329,-2318.51191564394,5.94838035235061,0.20732338994778,"rho"
162,-1966.84647660982,2.01769598277852,0.376995362395291,"rho"
515,-1567.87928469986,4.08174615095148,0.135341341030654,"rho"
239,-1488.34791257152,0.544747365903281,0.258739139174299,"rho"
510,-2307.40698329809,20.8362086581699,0.109633466417395,"rho"
65,-2562.612629314,4.89649927660035,0.392420087163247,"rho"
248,-1783.57971968489,40.5634348426285,0.305013313478166,"rho"
247,-1658.62667080453,9.66560260858946,0.299871738555514,"rho"
30,-1541.51193918236,0.823027644603615,0.212464964870432,"rho"
2,-2595.74103251205,70.7182469979049,0.0685008670361801,"rho"
135,-1467.8815879295,0.272224800838708,0.238172839483691,"rho"
68,-2288.48798946207,7.82988414981964,0.407844811931203,"rho"
351,-1817.52642093822,7.85902753143029,0.320438038246121,"rho"
31,-1555.73573689474,6.44043224056096,0.217606539793084,"rho"
33,-1488.116739158,4.0726261062109,0.227889689638388,"rho"
161,-2077.86856579463,12.0803783701458,0.37185378747264,"rho"
407,-1656.39171876602,1.91992710310617,0.0942087416494393,"rho"
143,-1664.48975741214,6.90081076039641,0.279305438864906,"rho"
63,-2249.70931300009,1.44469583183129,0.382136937317943,"rho"
596,-2836.67477505255,6.53357991879607,0.551808909765455,"rho"
330,-1523.67848652542,1.43495591889573,0.212464964870432,"rho"
140,-1492.78759673287,0.456132817699245,0.263880714096951,"rho"
134,-1490.94737395413,0.944643987597284,0.23303126456104,"rho"
160,-1969.88836055985,5.58661630489787,0.366712212549988,"rho"
322,-1565.81926170699,1.64674054500839,0.171332365489217,"rho"
405,-1967.16265476962,18.7320488096221,0.0839255918041356,"rho"
408,-1689.5054047179,1.83171200602449,0.0993503165720912,"rho"
317,-1605.35657304425,1.9840972643303,0.145624490875958,"rho"
323,-1549.44761258017,11.3955087692756,0.176473940411869,"rho"
511,-1552.17354552065,1.94793184322475,0.114775041340047,"rho"
321,-1711.52181235461,51.1312360790688,0.166190790566565,"rho"
237,-1550.57868837824,1.89481075737216,0.248455989328995,"rho"
29,-1510.53285156035,0.573270205008035,0.20732338994778,"rho"
588,-3176.99113751034,3.60940416626232,0.51067631038424,"rho"
238,-1506.30984965495,1.35047464772534,0.253597564251647,"rho"
592,-2620.06557258111,51.6948662779426,0.531242610074847,"rho"
512,-1609.79203773428,3.72643073072431,0.119916616262699,"rho"
513,-1694.72076321788,14.3916702160764,0.12505819118535,"rho"
236,-1477.57484070983,0.810031867122028,0.243314414406343,"rho"
320,-1562.59791214573,1.68242865627494,0.161049215643914,"rho"
303,-2109.81932858518,21.7987608168371,0.0736424419588319,"rho"
44,-1645.43428523316,13.0195606259836,0.284447013787558,"rho"
45,-1850.21991575731,19.2801886370971,0.28958858871021,"rho"
4,-1743.9778800538,2.47870253066841,0.0787840168814838,"rho"
47,-2159.46169383543,32.520538320782,0.299871738555514,"rho"
235,-1480.68675630695,4.22895882215264,0.238172839483691,"rho"
319,-1848.77577119025,24.1078517808571,0.155907640721262,"rho"
43,-2106.44904342372,31.2779952384707,0.279305438864906,"rho"
404,-2292.2015026383,53.7878322071432,0.0787840168814838,"rho"
234,-1483.06001129807,5.22299136957314,0.23303126456104,"rho"
316,-1803.82686241928,37.9562615400311,0.140482915953306,"rho"
46,-1552.24217451745,0.848727037653728,0.294730163632862,"rho"
334,-1484.36734354164,1.59384894342447,0.23303126456104,"rho"
314,-2029.20825606987,21.5078545954012,0.130199766108002,"rho"
335,-1496.51316991626,2.73673178866581,0.238172839483691,"rho"
104,-4966.64599310241,4.12398406921625,0.0787840168814838,"rho"
315,-1605.98911553077,6.99703952952979,0.135341341030654,"rho"
332,-1487.84579815517,0.787272973565132,0.222748114715736,"rho"
505,-3050.38235784718,33.8786744556638,0.0839255918041356,"rho"
48,-1806.88454046552,14.8476775134684,0.305013313478166,"rho"
333,-1475.11474733359,1.27677443417088,0.227889689638388,"rho"
302,-1879.22387324557,13.0286123617338,0.0685008670361801,"rho"
210,-1568.85554075366,24.6772704597896,0.109633466417395,"rho"
318,-1509.74121090775,1.85532994879686,0.15076606579861,"rho"
313,-1714.60926009148,2.41842282106994,0.12505819118535,"rho"
331,-1488.63286242355,0.46278047328272,0.217606539793084,"rho"
211,-1559.34353083372,1.73157688206194,0.114775041340047,"rho"
202,-3435.3990220321,132.980180788631,0.0685008670361801,"rho"
328,-1501.84880190014,0.703612760101115,0.202181815025128,"rho"
207,-1549.73614318622,2.97348089635652,0.0942087416494393,"rho"
205,-1577.88838667239,1.05932050191036,0.0839255918041356,"rho"
208,-1696.630143834,3.43716766148553,0.0993503165720912,"rho"
403,-1641.08501008207,6.04764258482949,0.0736424419588319,"rho"
109,-3484.63086832564,8.85546552953808,0.104491891494743,"rho"
108,-2612.551608508,28.0193500571103,0.0993503165720912,"rho"
326,-1557.06415794224,5.34010081695645,0.191898665179825,"rho"
402,-2105.00721324039,20.4152236752962,0.0685008670361801,"rho"
27,-1519.75844358075,6.27482159933173,0.197040240102477,"rho"
506,-2380.98651444541,0.829467820031593,0.0890671667267875,"rho"
28,-1526.95945859497,8.72890335145751,0.202181815025128,"rho"
347,-1668.96962663143,3.3585129964081,0.299871738555514,"rho"
206,-1786.8550079947,9.66148282717618,0.0890671667267875,"rho"
524,-1513.13777514187,6.75388017316414,0.181615515334521,"rho"
209,-1718.96443714644,2.17703319505547,0.104491891494743,"rho"
327,-1488.15661348946,0.88781368060762,0.197040240102477,"rho"
324,-1554.12728322531,6.68471541801945,0.181615515334521,"rho"
201,-4328.19279054936,32.2558670059402,0.0633592921135282,"rho"
509,-1847.73738891816,6.51103765512789,0.104491891494743,"rho"
127,-1504.78626817896,0.531146349457066,0.197040240102477,"rho"
133,-1651.5941504966,9.06186284402758,0.227889689638388,"rho"
131,-1483.23078502909,5.75785347935878,0.217606539793084,"rho"
508,-1529.69663176503,2.60722133901751,0.0993503165720912,"rho"
526,-1483.29673415614,5.19045080047092,0.191898665179825,"rho"
105,-2363.66659149033,70.7725954551223,0.0839255918041356,"rho"
129,-1492.17298014027,1.021484893196,0.20732338994778,"rho"
102,-4221.98844590571,83.3135498538412,0.0685008670361801,"rho"
203,-2183.07005824958,70.1795285449845,0.0736424419588319,"rho"
128,-1503.06895504419,0.512892784893771,0.202181815025128,"rho"
130,-1484.88132457682,0.83381978257889,0.212464964870432,"rho"
325,-1493.99408065154,0.424550545836605,0.186757090257173,"rho"
7,-1709.88079805725,4.89084594460954,0.0942087416494393,"rho"
507,-1638.83573682106,1.18845684095702,0.0942087416494393,"rho"
132,-1505.62556939469,4.99426518013139,0.222748114715736,"rho"
368,-2213.50321159905,28.8589086042738,0.407844811931203,"rho"
6,-1618.79152914743,1.42365113205595,0.0890671667267875,"rho"
401,-1809.09071343794,5.09924122015223,0.0633592921135282,"rho"
204,-1997.33877626108,5.38825684453165,0.0787840168814838,"rho"
308,-1796.71838827114,9.90613531035238,0.0993503165720912,"rho"
309,-1738.25996196241,37.8240426922226,0.104491891494743,"rho"
120,-1547.55569819747,2.65546135185677,0.161049215643914,"rho"
503,-3235.57102058268,2.26649532979492,0.0736424419588319,"rho"
116,-1739.60946697709,21.1421952676612,0.140482915953306,"rho"
448,-1847.44778035529,2.98154201952776,0.305013313478166,"rho"
118,-1549.54003963917,0.603846974207019,0.15076606579861,"rho"
504,-1615.37032446101,12.3396558511825,0.0787840168814838,"rho"
5,-1901.98611531735,5.45161722945859,0.0839255918041356,"rho"
304,-3694.47877501575,65.902896627838,0.0787840168814838,"rho"
117,-1616.83474404038,3.89219233976215,0.145624490875958,"rho"
101,-4320.71264028772,97.8880948502652,0.0633592921135282,"rho"
126,-1505.07162791704,0.717366505675376,0.191898665179825,"rho"
502,-2569.92728945744,5.38077795020225,0.0685008670361801,"rho"
114,-1825.02465123744,6.85525442098077,0.130199766108002,"rho"
107,-1909.29479839866,1.84014431379916,0.0942087416494393,"rho"
307,-1686.00109401324,4.82375195278801,0.0942087416494393,"rho"
603,-3102.83765086482,5.70823842651415,0.0736424419588319,"rho"
115,-1572.6481909284,3.20497592679276,0.135341341030654,"rho"
103,-1828.41276831714,6.24388673184521,0.0736424419588319,"rho"
306,-1725.43056156224,28.125874829596,0.0890671667267875,"rho"
119,-1687.35861769918,59.9192502602155,0.155907640721262,"rho"
106,-1608.92832685151,11.0300515319044,0.0890671667267875,"rho"
112,-1582.70880818848,1.09330317634543,0.119916616262699,"rho"
113,-1761.56566209783,8.65136440203891,0.12505819118535,"rho"
111,-1714.98885350639,4.42664535402186,0.114775041340047,"rho"
305,-1884.47032858879,6.28512917107259,0.0839255918041356,"rho"
501,-1894.98055402238,1.04604990241562,0.0633592921135282,"rho"
110,-1592.28494400618,6.63581396481651,0.109633466417395,"rho"
604,-3666.41604190961,4.70274488866629,0.0787840168814838,"rho"
383,-2382.18174204568,24.9946008708504,0.48496843577098,"rho"
605,-1915.47480536062,4.80162645089764,0.0839255918041356,"rho"
601,-2098.33184598504,27.1544053695699,0.0633592921135282,"rho"
602,-2420.56905675085,13.8657743100517,0.0685008670361801,"rho"
9,-1820.36468667172,20.0622514230699,0.104491891494743,"rho"
233,-1786.41539495338,24.9053190870722,0.227889689638388,"rho"
213,-1615.75678732269,0.662807642786152,0.12505819118535,"rho"
212,-1630.76417443276,6.43255489911795,0.119916616262699,"rho"
687,-5423.16210694974,23.5749333931553,0.505534735461588,"rho"
693,-2632.13290234493,10.766738529896,0.536384184997499,"rho"
672,-4645.12525865915,1.07556164568247,0.42841111162181,"rho"
694,-2661.1573474767,9.35091368959292,0.541525759920151,"rho"
697,-2237.07641710829,8.61818076312117,0.556950484688106,"rho"
670,-2259.46336942991,89.1660428936996,0.418127961776506,"rho"
700,-2634.05086920911,7.33763535120116,0.572375209456062,"rho"
679,-2299.88044784735,120.401315361694,0.464402136080373,"rho"
680,-2030.49011419041,114.411116879952,0.469543711003025,"rho"
682,-2418.41224465316,23.1112203264298,0.479826860848329,"rho"
671,-1941.75072154507,25.4319869487885,0.423269536699158,"rho"
686,-2600.96509210423,10.6919240107127,0.500393160538936,"rho"
684,-4828.28130196707,8.05276122755919,0.490110010693632,"rho"
651,-2138.34696028729,16.6439965715605,0.320438038246121,"rho"
663,-2185.06135798681,39.4134431619287,0.382136937317943,"rho"
664,-2023.63295893631,20.0241453984693,0.387278512240595,"rho"
678,-2116.78535646512,15.4879375419947,0.459260561157721,"rho"
654,-3306.71422083194,4.3298856999352,0.335862763014077,"rho"
754,-2631.10691560182,13.2413884469844,0.335862763014077,"rho"
656,-1878.66779040832,15.7056493349647,0.34614591285938,"rho"
690,-2292.49985080704,32.1476150688925,0.520959460229544,"rho"
681,-2505.39296942125,58.9466033882884,0.474685285925677,"rho"
688,-2216.42234928157,3.29031735284502,0.51067631038424,"rho"
789,-3010.7913519545,4.09034937153571,0.515817885306892,"rho"
652,-2148.49168208247,35.7324113033008,0.325579613168773,"rho"
658,-2165.21980844416,11.2903720046364,0.356429062704684,"rho"
696,-3239.93401792258,40.3063559033406,0.551808909765455,"rho"
667,-2538.3155954276,122.726459874871,0.402703237008551,"rho"
698,-2616.43815234523,104.679039847612,0.562092059610758,"rho"
699,-2967.56058336052,87.3029328024326,0.56723363453341,"rho"
798,-3148.84408281681,17.2646589074283,0.562092059610758,"rho"
653,-1856.4421724626,3.70158780732591,0.330721188091425,"rho"
685,-2906.02377740604,7.02478963838764,0.495251585616284,"rho"
782,-3042.25705136508,9.00699001420231,0.479826860848329,"rho"
777,-3090.38993768898,1.41724839250805,0.454118986235069,"rho"
793,-1832.33144445351,6.7701018603943,0.536384184997499,"rho"
639,-1477.26383405666,2.67086145700867,0.258739139174299,"rho"
791,-2370.46730331465,10.0651252729232,0.526101035152195,"rho"
668,-2269.32921496843,22.838631730611,0.407844811931203,"rho"
674,-2280.39422808005,33.5853282078934,0.438694261467114,"rho"
669,-2722.77451054069,33.3049213317262,0.412986386853854,"rho"
787,-2601.16368710158,1.18375111936745,0.505534735461588,"rho"
778,-2249.91258699258,1.16312281202084,0.459260561157721,"rho"
736,-1522.98703763595,0.675128270003471,0.243314414406343,"rho"
626,-1484.78919041172,1.80351115121815,0.191898665179825,"rho"
619,-1573.84128646555,2.21361923725041,0.155907640721262,"rho"
649,-1765.30450821736,28.9112065596458,0.310154888400817,"rho"
675,-2431.62029827418,28.3049016976573,0.443835836389766,"rho"
755,-2119.05837150673,30.0971347253929,0.341004337936728,"rho"
643,-1725.7604173159,5.48551863790458,0.279305438864906,"rho"
630,-1480.64814947612,0.436541920863726,0.212464964870432,"rho"
756,-1793.75102974156,27.0084621581546,0.34614591285938,"rho"
740,-1490.7616427395,1.87924553842048,0.263880714096951,"rho"
673,-2158.88146670709,20.0870492909742,0.433552686544462,"rho"
631,-1568.022698054,4.56478239014831,0.217606539793084,"rho"
741,-1522.99520579259,4.71751232345754,0.269022289019603,"rho"
628,-1496.51881797081,3.68374793574754,0.202181815025128,"rho"
764,-2296.64865638631,11.308738240947,0.387278512240595,"rho"
637,-1573.48848534719,9.72702014976546,0.248455989328995,"rho"
759,-2206.55007500207,3.88569061139209,0.361570637627336,"rho"
882,-3142.59028902313,6.40355937360578,0.479826860848329,"rho"
695,-1818.64272228244,39.4405434798305,0.546667334842803,"rho"
758,-2320.52215759783,92.7905516591183,0.356429062704684,"rho"
660,-2160.88946280024,12.1899855046692,0.366712212549988,"rho"
734,-1479.5436929582,0.798126313070848,0.23303126456104,"rho"
620,-1545.89153450842,2.07271239491594,0.161049215643914,"rho"
773,-4825.23017779759,1.25376502075041,0.433552686544462,"rho"
650,-1660.15678427578,40.7063638257113,0.315296463323469,"rho"
737,-2150.58444047177,30.9779401705574,0.248455989328995,"rho"
893,-2379.82810115157,49.0823851960155,0.536384184997499,"rho"
897,-3037.07228768921,23.6334892637354,0.556950484688106,"rho"
648,-1709.70176289945,14.4026948631738,0.305013313478166,"rho"
612,-1543.31730676711,14.4247694385623,0.119916616262699,"rho"
796,-3090.50707910527,9.08479484206902,0.551808909765455,"rho"
743,-1580.74939781545,4.02943948716462,0.279305438864906,"rho"
784,-3174.93602932856,11.7887387231522,0.490110010693632,"rho"
647,-1557.11196926617,11.2945844854706,0.299871738555514,"rho"
659,-1861.03789077438,7.5391826451158,0.361570637627336,"rho"
888,-2929.05471379367,5.75064924508105,0.51067631038424,"rho"
691,-2589.01189690313,11.1617382986206,0.526101035152195,"rho"
722,-1514.51168253455,1.01466670992522,0.171332365489217,"rho"
677,-2708.04644823442,72.494648774204,0.454118986235069,"rho"
861,-3125.1556781954,21.4131415086666,0.37185378747264,"rho"
622,-2745.93950905436,13.2911637586569,0.171332365489217,"rho"
218,-1560.91887758034,8.66176810463001,0.15076606579861,"rho"
689,-2501.39156979592,56.1945604915069,0.515817885306892,"rho"
797,-2873.57825938284,9.24778189583577,0.556950484688106,"rho"
733,-1531.29629700986,6.13706163600416,0.227889689638388,"rho"
683,-2686.14165158223,11.5924725954977,0.48496843577098,"rho"
676,-2142.67669623913,1.30319485376708,0.448977411312417,"rho"
635,-1494.17100723682,1.28224180596662,0.238172839483691,"rho"
645,-1626.40833672019,2.65989242428993,0.28958858871021,"rho"
731,-1489.68557748627,4.15251628211698,0.217606539793084,"rho"
864,-2256.80373310591,11.1216197842348,0.387278512240595,"rho"
876,-4474.56157321995,15.8629806004,0.448977411312417,"rho"
727,-2595.57539511528,5.49139662962881,0.197040240102477,"rho"
621,-1610.76709440556,0.829299125995971,0.166190790566565,"rho"
666,-2810.1001485711,24.9749099231337,0.397561662085899,"rho"
662,-2633.73467510536,20.183168063495,0.376995362395291,"rho"
644,-1705.16752449095,5.32363576136498,0.284447013787558,"rho"
718,-1740.4377235999,5.95701000186492,0.15076606579861,"rho"
785,-2296.89456908563,34.7854347091746,0.495251585616284,"rho"
745,-1623.00173061512,8.33875810082761,0.28958858871021,"rho"
776,-2140.34082297477,14.3365134064545,0.448977411312417,"rho"
618,-1571.96822557197,1.36729579007222,0.15076606579861,"rho"
738,-1484.65317906329,0.701113299632576,0.253597564251647,"rho"
632,-1506.27576476666,7.13263620504275,0.222748114715736,"rho"
891,-2662.75633693425,54.5864916959667,0.526101035152195,"rho"
799,-2615.16923976683,482.125914053052,0.56723363453341,"rho"
892,-2731.40081253066,86.7714994541312,0.531242610074847,"rho"
767,-2072.18258227792,70.9816251211534,0.402703237008551,"rho"
661,-1967.17336615057,84.6810393034203,0.37185378747264,"rho"
735,-1506.19137372124,4.58075439095103,0.238172839483691,"rho"
890,-2241.22155227622,24.9842632283134,0.520959460229544,"rho"
883,-3011.53795384664,10.7113803495665,0.48496843577098,"rho"
869,-2328.21236937185,56.7387245658927,0.412986386853854,"rho"
790,-2727.74436222849,33.993868398611,0.520959460229544,"rho"
772,-2775.59422375794,2.19569030293209,0.42841111162181,"rho"
887,-2716.65556101077,0.977840367894081,0.505534735461588,"rho"
640,-1533.01875025081,1.29216219898199,0.263880714096951,"rho"
721,-1519.81329744896,0.727045947448792,0.166190790566565,"rho"
616,-1581.22953414744,1.96440666148568,0.140482915953306,"rho"
795,-1731.21911563521,51.2928470362126,0.546667334842803,"rho"
874,-3438.3957853741,15.866696464349,0.438694261467114,"rho"
885,-2449.38135093179,7.56473035184101,0.495251585616284,"rho"
717,-3665.91066083585,9.7222408047716,0.145624490875958,"rho"
858,-1999.48281394613,23.0234436765752,0.356429062704684,"rho"
846,-1641.93576000277,2.17239763185112,0.294730163632862,"rho"
665,-2195.66788887267,1.40524932251378,0.392420087163247,"rho"
724,-1500.45038201537,5.31525850997993,0.181615515334521,"rho"
655,-2040.53005809335,6.64874942865832,0.341004337936728,"rho"
842,-1523.74964464274,0.962982063280605,0.274163863942254,"rho"
857,-1911.26972031061,35.9258015507856,0.351287487782032,"rho"
847,-1712.07696832343,25.0532424548707,0.299871738555514,"rho"
657,-2124.74024449892,1.76472730401944,0.351287487782032,"rho"
899,-2378.62085939318,28.8936414026259,0.56723363453341,"rho"
766,-2413.5880161778,51.2647829690341,0.397561662085899,"rho"
625,-1513.33556755313,0.965605630976112,0.186757090257173,"rho"
879,-1915.85347862293,17.6602721254846,0.464402136080373,"rho"
610,-1609.96332913213,1.63497715255948,0.109633466417395,"rho"
779,-2553.84091018027,1.7904514720278,0.464402136080373,"rho"
613,-2188.75643286344,308.115989433813,0.12505819118535,"rho"
794,-4708.30090985805,28.9425437290591,0.541525759920151,"rho"
752,-1988.33836717389,39.8698023877141,0.325579613168773,"rho"
792,-3110.28158360478,21.8627572858325,0.531242610074847,"rho"
646,-1795.08688877129,24.9459485166062,0.294730163632862,"rho"
850,-1879.70307468506,3.0395334072229,0.315296463323469,"rho"
716,-1633.24751111511,6.3668696407771,0.140482915953306,"rho"
769,-2126.44947565218,4.62509639461779,0.412986386853854,"rho"
788,-4681.09851400724,78.9939912242787,0.51067631038424,"rho"
720,-1577.52845164537,20.2934674029651,0.161049215643914,"rho"
750,-1926.35640370976,0.701304561629638,0.315296463323469,"rho"
770,-2401.17835685243,33.8195037345082,0.418127961776506,"rho"
884,-2808.69826794307,63.1266620641662,0.490110010693632,"rho"
642,-1491.40629502949,3.22715442105687,0.274163863942254,"rho"
748,-1916.18717920739,4.92630855004698,0.305013313478166,"rho"
775,-2848.91733391584,6.2383830606914,0.443835836389766,"rho"
623,-1618.42001090772,1.92499800991922,0.176473940411869,"rho"
867,-2309.21748859295,26.055830740109,0.402703237008551,"rho"
848,-3290.9241583288,49.6294802306357,0.305013313478166,"rho"
895,-2888.33955782396,10.3088331167482,0.546667334842803,"rho"
894,-2584.45152001145,23.2533939648794,0.541525759920151,"rho"
871,-2268.63616079901,9.80211106229375,0.423269536699158,"rho"
705,-1682.19943103183,10.3714318068927,0.0839255918041356,"rho"
836,-1504.77886446451,0.941589824579551,0.243314414406343,"rho"
760,-2903.02606447882,3.39730230071856,0.366712212549988,"rho"
860,-1886.75128120927,18.3369894030541,0.366712212549988,"rho"
877,-2645.99780147133,140.098681903542,0.454118986235069,"rho"
723,-1576.82375181797,11.4545745451898,0.176473940411869,"rho"
771,-2365.40000484337,76.1893391056979,0.423269536699158,"rho"
606,-1654.45908862628,1.76936955619586,0.0890671667267875,"rho"
611,-1588.69708104249,33.2924719275145,0.114775041340047,"rho"
713,-1553.69713748556,4.38856703619906,0.12505819118535,"rho"
765,-2528.4432058911,42.7561351429011,0.392420087163247,"rho"
851,-1754.09201134587,6.70150510800473,0.320438038246121,"rho"
633,-1494.0796987686,0.578586138150318,0.227889689638388,"rho"
730,-1525.12877829605,16.4292142010829,0.212464964870432,"rho"
617,-1522.5975452706,3.61565017305104,0.145624490875958,"rho"
800,-2119.812942246,9.76946217513563,0.572375209456062,"rho"
638,-1652.4959896659,20.404757857951,0.253597564251647,"rho"
757,-2064.87672651138,10.5282126645966,0.351287487782032,"rho"
692,-4478.84908772161,57.297815743615,0.531242610074847,"rho"
634,-1476.27459142805,0.823927081634094,0.23303126456104,"rho"
710,-1791.49323457163,8.85889122903732,0.109633466417395,"rho"
783,-2889.62851349565,21.0800601957786,0.48496843577098,"rho"
747,-1683.47810195075,8.05797488614824,0.299871738555514,"rho"
763,-2130.76511759466,16.6924324397936,0.382136937317943,"rho"
829,-1496.25759108097,1.80073985752852,0.20732338994778,"rho"
608,-1613.11378118674,0.80124139689247,0.0993503165720912,"rho"
751,-1772.7316242556,3.3974566693801,0.320438038246121,"rho"
889,-3510.13910236348,2.38762853665665,0.515817885306892,"rho"
845,-1625.776271756,12.3873486626845,0.28958858871021,"rho"
641,-1548.41167690488,9.06993346837133,0.269022289019603,"rho"
849,-1921.87117169608,19.0741598624047,0.310154888400817,"rho"
749,-2200.65084526563,26.877269103358,0.310154888400817,"rho"
786,-1789.11803313421,3.50856908774567,0.500393160538936,"rho"
636,-1486.57526765984,0.971361574853104,0.243314414406343,"rho"
726,-1544.16749204156,12.6516394249028,0.191898665179825,"rho"
744,-1572.23132215228,7.24326173915557,0.284447013787558,"rho"
725,-1525.67924554707,3.07751188593394,0.186757090257173,"rho"
853,-1785.21168550402,2.01033713064927,0.330721188091425,"rho"
728,-1640.57790836661,17.2832481006478,0.202181815025128,"rho"
886,-2405.49972327203,16.3319784501411,0.500393160538936,"rho"
629,-1639.88664786852,1.82815995306961,0.20732338994778,"rho"
825,-1537.38034017549,2.68024814468673,0.186757090257173,"rho"
762,-2136.82183763474,4.81736027606798,0.376995362395291,"rho"
896,-2928.32770248455,14.053316412726,0.551808909765455,"rho"
607,-1879.8973024847,14.6388334614395,0.0942087416494393,"rho"
866,-2226.03441708077,24.3294770589866,0.397561662085899,"rho"
878,-2273.08208426274,0.967197929559305,0.459260561157721,"rho"
711,-1758.79430901251,1.73497315310938,0.114775041340047,"rho"
706,-1889.06310330758,2.93972994815894,0.0890671667267875,"rho"
818,-1561.83075960986,0.941178196825845,0.15076606579861,"rho"
875,-2499.92745529269,29.876286613084,0.443835836389766,"rho"
753,-1878.69462025331,1.76401981718027,0.330721188091425,"rho"
852,-1834.81520163339,45.7999428037011,0.325579613168773,"rho"
870,-2693.10737783169,23.7484617919056,0.418127961776506,"rho"
780,-2414.33873772135,22.5352229858084,0.469543711003025,"rho"
881,-2346.92982586399,1.0639613529447,0.474685285925677,"rho"
768,-1866.032920086,5.03267370963176,0.407844811931203,"rho"
627,-1507.14701777043,0.627444724810778,0.197040240102477,"rho"
873,-2376.03991609046,51.8572301247701,0.433552686544462,"rho"
774,-2080.61560503642,181.548244950435,0.438694261467114,"rho"
824,-1516.66570700091,10.6888350307166,0.181615515334521,"rho"
843,-1650.95746853325,7.92722780490458,0.279305438864906,"rho"
859,-2145.18181999249,36.2767985234579,0.361570637627336,"rho"
742,-1503.7884088852,2.69056270689206,0.274163863942254,"rho"
841,-1477.09713745712,0.335482092550107,0.269022289019603,"rho"
624,-1546.20449251204,1.86014643110179,0.181615515334521,"rho"
814,-1780.70605460996,27.6922458645061,0.130199766108002,"rho"
811,-1798.38257769776,1.03109464315913,0.114775041340047,"rho"
855,-2489.77247311447,63.9346257303776,0.341004337936728,"rho"
834,-1595.95351757823,2.40288051619942,0.23303126456104,"rho"
761,-2205.74196819715,1.35763315135679,0.37185378747264,"rho"
729,-1479.63741310622,0.637931895750833,0.20732338994778,"rho"
837,-1567.44850080202,5.15297954408558,0.248455989328995,"rho"
815,-1582.25516651133,7.79817411519571,0.135341341030654,"rho"
707,-2080.81535270078,14.954275533536,0.0942087416494393,"rho"
947,-1595.8079645505,16.3937004192402,0.299871738555514,"rho"
830,-1583.40899084995,5.7110786495483,0.212464964870432,"rho"
746,-1734.9341321915,10.421762351979,0.294730163632862,"rho"
835,-1485.59672279829,0.765171101077909,0.238172839483691,"rho"
703,-1994.99936044308,7.8104298953542,0.0736424419588319,"rho"
828,-1637.36167403139,4.90596254702363,0.202181815025128,"rho"
708,-1546.0790093929,7.90601088626361,0.0993503165720912,"rho"
615,-1495.19785062508,0.617457199985646,0.135341341030654,"rho"
719,-1636.12209085203,40.8417982419051,0.155907640721262,"rho"
872,-2610.6516400833,13.8958382469795,0.42841111162181,"rho"
739,-1548.73866818218,1.2999816634323,0.258739139174299,"rho"
939,-1482.3479216816,2.56382519974341,0.258739139174299,"rho"
704,-1694.60233230984,130.172576772853,0.0787840168814838,"rho"
840,-1487.09833813399,0.719744862873946,0.263880714096951,"rho"
898,-2915.33150173465,9.06609809519042,0.562092059610758,"rho"
900,-2296.22858998222,12.2804389043131,0.572375209456062,"rho"
810,-1889.50058727045,7.5570872223684,0.109633466417395,"rho"
880,-2682.74288814852,89.410938141791,0.469543711003025,"rho"
862,-2211.73777044882,59.1167733988746,0.376995362395291,"rho"
863,-1886.15377656439,17.4212456939245,0.382136937317943,"rho"
927,-1534.61538045748,2.25987029834526,0.197040240102477,"rho"
807,-1681.31466507594,17.3677193553017,0.0942087416494393,"rho"
822,-1609.85792959241,26.83952866359,0.171332365489217,"rho"
856,-1975.48141238441,8.32351260431206,0.34614591285938,"rho"
916,-1625.99001684999,2.85495586762534,0.140482915953306,"rho"
732,-1519.30105816233,0.799050076269392,0.222748114715736,"rho"
865,-1760.63359400697,14.6076835513116,0.392420087163247,"rho"
702,-1694.42889684779,0.908599641409206,0.0685008670361801,"rho"
816,-1660.59698829339,3.30459768489389,0.140482915953306,"rho"
813,-2311.12358494622,183.064228237677,0.12505819118535,"rho"
868,-2675.36571843418,6.29801119756764,0.407844811931203,"rho"
918,-2775.07418271072,10.5662317496657,0.15076606579861,"rho"
934,-1575.57282336002,8.03629645842552,0.23303126456104,"rho"
925,-2707.11503813806,7.18464731380406,0.186757090257173,"rho"
937,-1616.75092202456,10.2471878887889,0.248455989328995,"rho"
844,-1633.65826246534,38.2445234407904,0.284447013787558,"rho"
715,-1582.09979069611,7.33084006264854,0.135341341030654,"rho"
701,-1764.02493265045,2.42944004150973,0.0633592921135282,"rho"
957,-2129.91073739019,1.18128666230927,0.351287487782032,"rho"
943,-1620.99691621659,9.60879871577617,0.279305438864906,"rho"
949,-2060.45649160591,1.25483224753195,0.310154888400817,"rho"
826,-1495.84041252097,3.30581842033267,0.191898665179825,"rho"
932,-1480.326071432,1.09573282646289,0.222748114715736,"rho"
936,-1479.64231356722,1.03477798569058,0.243314414406343,"rho"
945,-2357.76587318162,8.65048448874012,0.28958858871021,"rho"
827,-1511.75690336517,3.2306420081722,0.197040240102477,"rho"
941,-1645.74140021662,2.30515150700583,0.269022289019603,"rho"
854,-1898.95680448436,35.8104860830481,0.335862763014077,"rho"
832,-1730.27585295818,8.71639790922263,0.222748114715736,"rho"
960,-2158.04215231526,28.1212230800132,0.366712212549988,"rho"
928,-1538.95610065734,0.94155129900644,0.202181815025128,"rho"
968,-4320.54606749419,20.5575033049206,0.407844811931203,"rho"
820,-1637.11377360275,6.33220143353638,0.161049215643914,"rho"
801,-2521.90838973223,74.1341293813806,0.0633592921135282,"rho"
938,-1965.21824316252,1.0852918022864,0.253597564251647,"rho"
817,-1531.34478163039,1.14390984958657,0.145624490875958,"rho"
839,-1496.14686909249,8.13291248723487,0.258739139174299,"rho"
821,-2408.09332845394,18.3908274576441,0.166190790566565,"rho"
833,-1513.60542728114,0.926560389081032,0.227889689638388,"rho"
956,-2032.91479532492,48.3761389698957,0.34614591285938,"rho"
803,-1840.32522082771,25.8504909167006,0.0736424419588319,"rho"
926,-1530.01493143667,1.89949259481404,0.191898665179825,"rho"
908,-3567.54907282519,0.984772377845118,0.0993503165720912,"rho"
950,-1802.24208825902,12.9642768080799,0.315296463323469,"rho"
838,-1748.20411926148,5.04357282116985,0.253597564251647,"rho"
808,-1586.80388099328,3.73064500807106,0.0993503165720912,"rho"
954,-3397.65315329808,4.30792873419186,0.335862763014077,"rho"
953,-2642.63908470364,7.98150227223328,0.330721188091425,"rho"
709,-1899.02798532705,6.17401043574423,0.104491891494743,"rho"
922,-1518.88146339965,5.36007887524619,0.171332365489217,"rho"
917,-1632.06542375288,11.808612552554,0.145624490875958,"rho"
831,-1514.21402044775,5.27755728578785,0.217606539793084,"rho"
901,-3310.0721216145,4.26818044409992,0.0633592921135282,"rho"
903,-1671.3363434768,4.61023549609046,0.0736424419588319,"rho"
940,-1512.2379795525,2.82101339838035,0.263880714096951,"rho"
961,-1955.65894915394,37.593791893963,0.37185378747264,"rho"
952,-1994.65270324992,29.4940395215241,0.325579613168773,"rho"
812,-3511.92826072206,7.3370149694877,0.119916616262699,"rho"
929,-1533.24321682036,2.96384501799076,0.20732338994778,"rho"
930,-1521.59342079838,1.11964738738455,0.212464964870432,"rho"
965,-1951.93389766919,64.336168314652,0.392420087163247,"rho"
959,-1912.72153518244,20.8925665330247,0.361570637627336,"rho"
912,-1593.39726408518,12.8355764216257,0.119916616262699,"rho"
714,-1581.86846667005,0.682126820218989,0.130199766108002,"rho"
907,-1950.74453661702,24.2875391814946,0.0942087416494393,"rho"
819,-1515.53295819366,7.06571283157536,0.155907640721262,"rho"
951,-1882.4121649705,16.7651208014733,0.320438038246121,"rho"
809,-1818.81659940213,18.0989053179009,0.104491891494743,"rho"
935,-1720.15266749366,10.6142757003094,0.238172839483691,"rho"
948,-1850.07248242998,1.01312302087807,0.305013313478166,"rho"
955,-1876.85032368502,1.39837324176375,0.341004337936728,"rho"
712,-1676.07436489239,22.0511624321782,0.119916616262699,"rho"
904,-2170.62200649293,2.32437276330985,0.0787840168814838,"rho"
923,-1525.48102906734,2.6231813500717,0.176473940411869,"rho"
966,-2221.61472493145,12.0890603503163,0.397561662085899,"rho"
823,-1551.74626966808,5.85448698438214,0.176473940411869,"rho"
806,-1741.53207852902,0.724994488193331,0.0890671667267875,"rho"
944,-1653.23056880403,1.80539019655381,0.284447013787558,"rho"
931,-1859.37200190244,7.12607588504116,0.217606539793084,"rho"
933,-1547.45059191843,25.1983833243238,0.227889689638388,"rho"
914,-1578.10697700415,4.48374191571399,0.130199766108002,"rho"
921,-1768.02416729369,17.6694704541635,0.166190790566565,"rho"
963,-1950.48179148274,1.00633726257446,0.382136937317943,"rho"
942,-1732.90352792928,2.30950714532187,0.274163863942254,"rho"
902,-1863.55434910672,3.61568587282614,0.0685008670361801,"rho"
958,-1977.29157062996,7.9448130928639,0.356429062704684,"rho"
805,-1575.55073452823,1.68431321406282,0.0839255918041356,"rho"
609,-1676.59644046038,4.57768651317831,0.104491891494743,"rho"
964,-2132.13527589022,9.335931507071,0.387278512240595,"rho"
614,-1561.67168211702,1.10127460344976,0.130199766108002,"rho"
804,-1563.68293556345,1.6364334626169,0.0787840168814838,"rho"
919,-2348.38310935867,92.2704676874653,0.155907640721262,"rho"
802,-3127.45669193097,5.38213326144766,0.0685008670361801,"rho"
915,-2508.04234742433,15.6554082867604,0.135341341030654,"rho"
970,-2646.26283958494,50.5393409540506,0.418127961776506,"rho"
920,-1552.17623452328,7.39007331552261,0.161049215643914,"rho"
971,-2452.73059830556,15.1372230382932,0.423269536699158,"rho"
962,-3330.07021845046,28.3714297599773,0.376995362395291,"rho"
905,-1788.31159120039,3.70817551006822,0.0839255918041356,"rho"
906,-1589.72871276074,7.41226942539932,0.0890671667267875,"rho"
924,-1635.76128095034,61.7774980520627,0.181615515334521,"rho"
973,-2880.63478024945,4.42286702745263,0.433552686544462,"rho"
911,-2006.00164913777,20.1927458514285,0.114775041340047,"rho"
972,-2146.28474840822,61.5036982702447,0.42841111162181,"rho"
975,-2658.34285504668,148.744775587664,0.443835836389766,"rho"
781,-2992.4211774832,16.043735990082,0.474685285925677,"rho"
976,-2617.0086158536,1.28519478781315,0.448977411312417,"rho"
913,-1699.76216892154,3.63614840149865,0.12505819118535,"rho"
974,-3260.40100980666,14.2682162893431,0.438694261467114,"rho"
909,-1823.80814347812,2.8307387663158,0.104491891494743,"rho"
910,-1557.18183114332,5.46399285106383,0.109633466417395,"rho"
977,-2548.46809645527,38.5663617964703,0.454118986235069,"rho"
979,-2297.27406711792,49.1585437271962,0.464402136080373,"rho"
978,-2475.69436974332,46.4412479967928,0.459260561157721,"rho"
981,-3383.86305414673,22.9171279981477,0.474685285925677,"rho"
967,-2271.79446992987,2.03036911064397,0.402703237008551,"rho"
946,-1722.47957905564,5.55160576163135,0.294730163632862,"rho"
969,-1822.48995445095,16.1307484879664,0.412986386853854,"rho"
993,-3114.88797291314,3.22509535908177,0.536384184997499,"rho"
984,-2603.94114175106,25.078446431108,0.490110010693632,"rho"
982,-2449.61533514584,11.9873965306871,0.479826860848329,"rho"
988,-2352.82073020825,4.03611080325378,0.51067631038424,"rho"
985,-2780.65878966914,25.3317218588743,0.495251585616284,"rho"
980,-2608.37438082186,5.67025788160203,0.469543711003025,"rho"
986,-2936.45675997739,6.30484289610002,0.500393160538936,"rho"
987,-2278.34116517653,10.8388178737054,0.505534735461588,"rho"
992,-2893.99773997592,4.42722456103749,0.531242610074847,"rho"
989,-2465.59226256071,5.11371424746153,0.515817885306892,"rho"
983,-2120.14202243148,21.2502792369212,0.48496843577098,"rho"
995,-2957.99932420556,4.67725646163518,0.546667334842803,"rho"
990,-2971.92492921082,16.2332542059894,0.520959460229544,"rho"
991,-2585.08023425784,109.984099941789,0.526101035152195,"rho"
996,-2217.00145415536,84.2744761302567,0.551808909765455,"rho"
997,-2213.51890895928,124.680527037167,0.556950484688106,"rho"
999,-2813.93788477501,85.1221927498232,0.56723363453341,"rho"
994,-2828.90979683295,8.59051058669044,0.541525759920151,"rho"
998,-2977.00458242244,44.6198029100643,0.562092059610758,"rho"
1000,-3116.23012341375,6.74250521807186,0.572375209456062,"rho"
