"do_grid","loglik","loglik_se","rho_value"
NA,NA,NA,NA
292,-1476.69488070127,0.233257405761872,0.232002671072618
263,-1479.12317057305,0.244958156695511,0.219631635641783
490,-1463.1257206034,0.520362694032683,0.316466981945216
492,-1469.5640514212,0.494517366375818,0.317320156802515
486,-1467.63015973108,0.133857799708358,0.314760632230618
491,-1461.00826565014,0.725245884526203,0.316893569373866
487,-1463.57437047223,0.46654499096633,0.315187219659268
493,-1464.78903898298,0.477444369301567,0.317746744231165
489,-1464.9982874226,0.16477207626726,0.316040394516567
149,-1550.0686552019,4.06630305317372,0.171000668775741
272,-1484.57827095795,0.372146066535491,0.223470922499628
488,-1466.99851665524,0.315900483323776,0.315613807087917
368,-1457.30159543076,0.161020728130403,0.264423315649979
327,-1464.90235669671,0.248247038592541,0.24693323107535
148,-1535.46043973231,1.28946851067807,0.170574081347092
365,-1456.86332750703,0.137415594999968,0.26314355336403
361,-1454.86597288261,0.20782743554589,0.261437203649432
485,-1469.53641248183,0.629861301520789,0.314334044801969
363,-1460.263855179,0.125099840346463,0.262290378506731
325,-1468.51631912218,0.191397404277104,0.246080056218051
521,-1463.56609213505,0.262236743065412,0.32969119223335
328,-1463.37271194947,0.143081858412723,0.247359818503999
484,-1462.27556528331,0.146786760160617,0.313907457373319
522,-1467.56168692897,0.399681031286229,0.330117779662
280,-1479.68174338039,0.226601391367576,0.226883621928824
350,-1469.33013218535,0.266768171122584,0.256744741934288
283,-1472.60211248121,0.221724644012355,0.228163384214772
275,-1476.35701283625,0.342584303289957,0.224750684785576
122,-1574.59309244399,10.0404236862681,0.159482808202205
279,-1494.58058700181,0.328014256334246,0.226457034500174
347,-1462.70251326474,0.268651862666026,0.255464979648339
326,-1459.78701606871,0.195380201993726,0.2465066436467
323,-1465.37155183261,0.171007338368884,0.245226881360752
520,-1464.25150573604,0.188400197528055,0.329264604804701
147,-1557.34983852903,1.13922509955131,0.170147493918442
336,-1466.98918970418,0.220071838594785,0.250772517933195
362,-1459.61013864533,0.144847956089347,0.261863791078082
277,-1482.69968608799,0.442416150537373,0.225603859642875
276,-1476.41980058691,0.151879027164134,0.225177272214226
344,-1468.75996469308,0.268285163548165,0.254185217362391
274,-1478.93833360617,0.381322971872683,0.224324097356927
333,-1468.81028179358,0.23557946231062,0.249492755647247
258,-1499.245944856,0.424097544768617,0.217498698498535
348,-1457.56549361382,0.262265357698834,0.255891567076989
324,-1470.49153298595,0.246936366580452,0.245653468789401
120,-1562.24999475829,0.776693336974098,0.158629633344906
345,-1462.05786057308,0.216084609281454,0.254611804791041
367,-1458.31477260585,0.147217250936623,0.263996728221329
524,-1465.8563774223,0.2035185326629,0.330970954519299
366,-1457.35031807871,0.376693740235095,0.26357014079268
346,-1462.28975781248,0.363693949944776,0.25503839221969
359,-1467.7265824061,0.410964125648243,0.260584028792133
281,-1483.43179513661,0.314221977363825,0.227310209357473
515,-1465.64650794196,0.227525098595568,0.327131667661453
507,-1466.84406432964,0.30465164230858,0.323718968232257
523,-1466.94196836765,0.156705510117529,0.330544367090649
121,-1551.93714930113,4.75360200039981,0.159056220773555
329,-1462.74562484648,0.19357168421445,0.247786405932649
519,-1464.66404524774,0.229592402647702,0.328838017376051
349,-1465.11604743277,0.190041694613275,0.256318154505638
334,-1465.22684925037,0.359282346504666,0.249919343075896
517,-1469.12553145507,0.437564295830585,0.327984842518752
511,-1467.66301875678,0.0910495967632247,0.325425317946855
257,-1491.97695098234,0.166797487036522,0.217072111069886
497,-1466.97308632143,0.161242207123083,0.319453093945763
332,-1466.57324312869,0.368549261063979,0.249066168218597
335,-1468.23290224293,0.322868890375211,0.250345930504546
322,-1461.42556046544,0.162728296971493,0.244800293932102
482,-1463.91497220175,0.493531179580282,0.31305428251602
508,-1461.31483949601,0.14135944898789,0.324145555660907
267,-1481.04286391016,0.203366041240246,0.221337985356381
278,-1478.60403211093,0.200125226238814,0.226030447071525
256,-1487.34502641987,0.268667096943416,0.216645523641236
525,-1469.46753534612,0.33774101743173,0.331397541947948
262,-1494.0297960241,0.389541951970707,0.219205048213133
321,-1464.48625464273,0.123406225223757,0.244373706503453
265,-1485.56433384039,0.270656075514683,0.220484810499082
286,-1475.75963950045,0.138084902312757,0.229443146500721
364,-1460.05177554528,0.287713280602034,0.262716965935381
260,-1489.9560484022,0.325386932156164,0.218351873355834
331,-1473.67897418471,0.342773133018583,0.248639580789948
516,-1469.62078108287,0.227515572043072,0.327558255090103
282,-1482.14454412306,0.225457434796978,0.227736796786123
291,-1479.65059000338,0.199409918760916,0.231576083643968
289,-1477.97495799463,0.301265281369862,0.230722908786669
180,-1550.48141653742,8.6395329814392,0.184224879063875
506,-1465.08910953148,0.146478097989609,0.323292380803608
503,-1465.52401748409,0.521956199532618,0.322012618517659
288,-1474.92050384364,0.218839034520837,0.23029632135802
285,-1475.32713616371,0.191723481645692,0.229016559072071
261,-1492.28077845256,0.274769508930192,0.218778460784484
179,-1515.61826667778,2.39491126928343,0.183798291635226
500,-1463.16800411392,0.118965050174038,0.320732856231711
510,-1468.31259937553,0.387015980130803,0.324998730518206
495,-1462.14637308783,0.419563466107899,0.318599919088464
502,-1470.1248079657,0.272190855493558,0.32158603108901
498,-1463.29690412053,0.223637173310766,0.319879681374412
518,-1465.24688335522,0.41882157078902,0.328411429947402
512,-1471.11498551517,0.374068373670275,0.325851905375505
514,-1464.96000035159,0.562832920359863,0.326705080232804
504,-1465.19472248874,0.120736619556507,0.322439205946309
339,-1467.49630741763,0.361018841465339,0.252052280219144
494,-1461.04599663408,0.137227468795962,0.318173331659814
360,-1459.74034873198,0.166763320122071,0.261010616220783
499,-1464.86828692972,0.210528377439349,0.320306268803062
273,-1484.74610448175,0.260231309359563,0.223897509928277
501,-1461.17195462971,0.164036180364759,0.321159443660361
496,-1463.92872134774,0.552467488818274,0.319026506517113
483,-1462.8949513835,0.353609594278296,0.31348086994467
178,-1586.54041959142,0.645002495362891,0.183371704206576
259,-1491.10755120877,0.352115317129699,0.217925285927185
353,-1459.72332480729,0.152547789255657,0.258024504220236
338,-1462.86354496727,0.256715316489275,0.251625692790494
358,-1458.60061205895,0.196729122650296,0.260157441363484
505,-1459.47472724162,0.290458857041265,0.322865793374958
270,-1484.95189198162,0.172677060117596,0.222617747642329
352,-1463.78092092674,0.263567787741846,0.257597916791587
474,-1461.06654595737,0.285422587684653,0.309641583086824
467,-1465.13221187708,0.205037116053274,0.306655471086278
67,-1636.86988227284,4.34778612721121,0.136020499626483
509,-1463.00086838328,0.211733957916216,0.324572143089556
271,-1487.85093431189,0.692349126796788,0.223044335070978
337,-1466.32628483391,1.1546696030529,0.251199105361845
342,-1462.77651382884,0.170967060489695,0.253332042505092
356,-1458.22670717384,0.209244238612469,0.259304266506185
471,-1465.87033831309,0.184618953462157,0.308361820800876
284,-1482.26213610408,0.356006706328358,0.228589971643422
215,-1527.96081409662,0.467255327551714,0.199155439066607
287,-1476.4409950547,0.211331363425056,0.22986973392937
354,-1459.92778691895,0.193612524651314,0.258451091648886
357,-1463.92834875264,0.654050314902598,0.259730853934834
476,-1462.09627797618,0.135064254212393,0.310494757944123
469,-1466.40455738257,0.395221451243869,0.307508645943577
218,-1509.30182358716,0.373916758950606,0.200435201352556
216,-1525.36663171638,0.681474109461651,0.199582026495257
340,-1458.63001029538,0.141122665290799,0.252478867647793
32,-1683.28549880618,3.70352506666302,0.121089939623751
355,-1463.10009124002,0.248841100557898,0.258877679077535
343,-1465.35789804213,0.263462409791639,0.253758629933742
466,-1461.8990530712,0.537472967898251,0.306228883657628
481,-1466.13588332422,0.300814323821232,0.312627695087371
222,-1507.30367320528,0.716322137993409,0.202141551067154
470,-1464.30634902462,0.280452966527143,0.307935233372226
473,-1465.06533066864,0.298508628415748,0.309214995658175
513,-1468.8173752303,0.614040563769446,0.326278492804154
34,-1723.77944063133,14.2022591894733,0.12194311448105
38,-1673.11521572138,3.12749183820261,0.123649464195648
465,-1461.82773457144,0.15916927509134,0.305802296228979
33,-1654.45908103662,1.70202960847147,0.121516527052401
351,-1458.73551949028,0.120131575534688,0.257171329362937
37,-1657.72956157382,29.8690903964728,0.123222876766999
255,-1483.32751593408,0.236910885053944,0.216218936212587
266,-1472.74705542592,0.585421870110849,0.220911397927731
65,-1608.97807252065,2.63805762382053,0.135167324769184
479,-1469.4518473462,0.286460587851553,0.311774520230072
209,-1501.28679054303,2.93830513958767,0.19659591449471
208,-1512.57103089307,0.316232538853448,0.196169327066061
475,-1459.23369923784,0.15773392234371,0.310068170515474
39,-1618.13252037914,0.811927236349364,0.124076051624298
210,-1519.49224013447,0.781202525448536,0.19702250192336
480,-1468.89242751892,0.300262598824927,0.312201107658721
472,-1465.014754324,0.317218950633089,0.308788408229525
214,-1513.79734275002,0.691360792887381,0.198728851637958
477,-1465.86434699788,0.294578601401936,0.310921345372773
468,-1460.56526711483,0.285143276457208,0.307082058514927
66,-1618.82447059449,16.9749974140346,0.135593912197834
390,-1459.63218396313,0.265058189235153,0.273808239080267
387,-1462.55715087561,0.38203059679888,0.272528476794319
478,-1463.08075958955,0.160268264255595,0.311347932801422
341,-1474.56249756298,0.16877582118479,0.252905455076443
219,-1520.90941402763,1.43277048539359,0.200861788781205
385,-1461.32842731176,0.231684917109875,0.27167530193702
212,-1530.05366519204,2.88377483060966,0.197875676780659
386,-1457.59944951012,0.395998189060867,0.272101889365669
388,-1458.06617706553,0.254253364776558,0.272955064222968
221,-1509.62237583776,1.59685902784373,0.201714963638504
464,-1457.71512962756,0.328125126207406,0.305375708800329
36,-1689.4830159966,11.9500738119642,0.122796289338349
40,-1657.47606885622,7.34074948966413,0.124502639052947
213,-1507.76716245292,2.47069332351762,0.198302264209308
29,-1661.56876437689,3.26868724518142,0.119810177337803
220,-1525.24218131255,1.84260971168128,0.201288376209855
391,-1457.16439099565,0.171288328377184,0.274234826508917
30,-1674.76103141389,1.65283493776727,0.120236764766452
389,-1458.84889950615,0.136490928038611,0.273381651651618
383,-1458.53159720692,0.208088277409597,0.270822127079721
393,-1459.11541135924,0.119226374453129,0.275088001366216
89,-1577.52786491592,6.28484354993501,0.145405423056772
87,-1608.45866152274,2.9593841692323,0.144552248199473
217,-1533.06790948166,0.810029689580604,0.200008613923906
84,-1592.4115517584,4.75236266224346,0.143272485913524
207,-1520.34534486948,0.592459282578052,0.195742739637411
264,-1486.58811758494,0.226186192452135,0.220058223070432
86,-1574.06932653537,0.731100633502856,0.144125660770823
384,-1457.5751962717,0.177747059280769,0.271248714508371
382,-1455.92084271297,0.206515090391268,0.270395539651072
392,-1460.60150199744,0.185902829247566,0.274661413937566
290,-1473.91263730137,0.253819749127423,0.231149496215319
381,-1457.09878685866,0.109364874875652,0.269968952222422
310,-1468.9687471093,0.125577398197152,0.239681244788308
91,-1581.98270246236,1.01207141908584,0.146258597914071
211,-1514.17195694971,1.45505753421502,0.197449089352009
85,-1617.95438978537,8.20180831144284,0.143699073342174
81,-1587.52141624118,4.18543155717726,0.141992723627576
90,-1583.34266074534,5.09783802650974,0.145832010485421
88,-1571.71340277765,8.33790936871078,0.144978835628122
315,-1465.09011580227,0.330035223343756,0.241814181931556
546,-1465.00119668005,0.225081822265727,0.340355877949587
312,-1463.29529904524,0.118931960676069,0.240534419645607
62,-1639.39469740383,4.98796598131004,0.133887562483236
320,-1464.27963550697,0.206280854057194,0.243947119074803
83,-1608.79126465573,6.82738042627575,0.142845898484875
307,-1469.44951344273,0.195401270366908,0.23840148250236
82,-1604.44245460657,6.41263370872678,0.142419311056225
313,-1462.74989091419,0.115697090559646,0.240961007074257
80,-1622.46129632407,1.58233540207872,0.141566136198926
35,-1671.37951122176,3.66806825113327,0.1223697019097
308,-1481.41560681178,0.531307096244663,0.23882806993101
539,-1468.26284097953,0.227610131242259,0.337369765949041
545,-1467.3882999336,0.194866657697633,0.339929290520938
547,-1464.96706417369,0.371694235708159,0.340782465378237
314,-1475.63991263939,0.330985352780389,0.241387594502906
541,-1468.78898723086,0.35197080103285,0.33822294080634
311,-1474.96681797343,0.355740668531748,0.240107832216958
542,-1464.10255940751,0.668131685966713,0.33864952823499
540,-1465.90218153651,0.14065440370817,0.337796353377691
317,-1472.7697358226,0.252922362889046,0.242667356788855
549,-1467.38218405404,0.328773682902647,0.341635640235536
48,-1606.87308804683,4.70857302218523,0.127915338482143
60,-1634.70873287589,0.729692592181142,0.133034387625937
51,-1617.57465510608,0.901548398654515,0.129195100768091
544,-1467.12856426973,0.323221639003161,0.339502703092288
58,-1594.73933560647,1.04940853392667,0.132181212768638
543,-1464.95212146217,0.254167998742419,0.339076115663639
61,-1758.59199099757,9.01268427394454,0.133460975054586
538,-1464.97901401195,0.225506134536056,0.336943178520392
57,-1611.92237462243,3.81666253049894,0.131754625339988
309,-1470.05519326651,0.255619868596799,0.239254657359659
316,-1468.44757770879,0.162281624897091,0.242240769360205
319,-1476.65172991646,0.349346071328719,0.243520531646154
330,-1466.12210826686,0.199413880101844,0.248212993361298
50,-1678.39061261433,1.19191017447445,0.128768513339442
63,-1633.84165757401,1.03504126927028,0.134314149911885
548,-1468.00947249049,0.344564375469865,0.341209052806886
532,-1464.76968076517,0.173937602022182,0.334383653948495
59,-1629.91204911571,25.9064738678961,0.132607800197287
52,-1665.84857282124,5.54812427607002,0.129621688196741
318,-1469.29970519141,0.132349011057863,0.243093944217504
534,-1466.36370761433,0.589347078688158,0.335236828805794
55,-1641.61614070722,1.92398602222544,0.130901450482689
47,-1626.12785852034,1.43883379354413,0.127488751053493
528,-1464.35325063706,0.280252850634887,0.332677304233897
536,-1467.09587377886,0.412141689897646,0.336090003663093
44,-1632.3271050599,21.5538159241088,0.126208988767545
529,-1467.09644359755,0.314747119677871,0.333103891662546
54,-1671.63653976612,4.94216482409802,0.13047486305404
53,-1612.29176550367,8.21815073690343,0.13004827562539
417,-1461.07749137753,0.250677400153329,0.285326099653804
41,-1663.44924221949,2.72153667243282,0.124929226481596
537,-1470.1492051514,0.67669543401187,0.336516591091742
43,-1631.92172839306,1.27615817507347,0.125782401338895
421,-1459.72178986778,0.105736905415365,0.287032449368402
268,-1481.33257266285,0.135184641147841,0.22176457278503
56,-1703.22340115187,7.83447048107967,0.131328037911339
64,-1629.1525799069,2.71931176196408,0.134740737340535
46,-1650.83771718985,1.00113859973795,0.127062163624844
42,-1620.41961066322,9.32963757006453,0.125355813910246
531,-1464.72676684293,0.205783495771589,0.333957066519845
530,-1465.32686065468,0.228754278624327,0.333530479091196
414,-1457.15207600386,0.288444091082467,0.284046337367855
189,-1531.49266931028,2.59696111551691,0.188064165921721
533,-1466.17597498988,0.345074690807408,0.334810241377144
526,-1464.67062908869,0.314643122074677,0.331824129376598
535,-1461.0345167036,0.218301036691303,0.335663416234443
409,-1458.63333839455,0.498906322870007,0.281913400224608
416,-1458.66753106563,0.308997504465707,0.284899512225154
413,-1455.77494146522,0.151625101700185,0.283619749939206
190,-1505.78697385126,4.50529967337615,0.18849075335037
527,-1463.14620033435,0.285894317436157,0.332250716805247
441,-1461.97851114102,0.191127191816109,0.295564197941391
462,-1460.95327310382,0.224420947843405,0.304522533943031
415,-1457.37349641949,0.188708397625634,0.284472924796505
45,-1598.40220276416,5.86430084881924,0.126635576196194
412,-1462.93085143971,0.13167965948068,0.283193162510556
454,-1460.60107529863,0.206742680706347,0.301109834513835
455,-1460.31291367291,0.143968701285069,0.301536421942484
456,-1468.04715114023,0.70323262928407,0.301963009371134
269,-1479.29788917524,0.214289567419954,0.22219116021368
408,-1458.98436676031,0.170759908694895,0.281486812795958
445,-1461.05792368384,0.411701056161107,0.297270547655989
418,-1465.03908743797,0.378076079700232,0.285752687082453
132,-1546.14693442101,2.76885924350518,0.1637486824887
49,-1610.64440500356,0.769944827172802,0.128341925910792
411,-1459.27631437301,0.229901463251498,0.282766575081907
453,-1459.89239759844,0.246756340733007,0.300683247085185
443,-1464.37428287649,0.445769019873838,0.29641737279869
449,-1462.96097855949,0.111719542464694,0.298976897370587
444,-1459.84930673436,0.273582196621084,0.29684396022734
461,-1464.85114033264,0.389425549928392,0.304095946514381
452,-1461.32223748815,0.250679270672888,0.300256659656536
188,-1518.25724864583,0.728785088976601,0.187637578493071
76,-1584.00512637627,7.35301753777439,0.139859786484329
458,-1459.9102442718,0.243356281348326,0.302816184228433
447,-1460.59498295973,0.180683786381271,0.298123722513288
439,-1457.0571842836,0.192033265391217,0.294711023084092
446,-1463.8206454201,0.523425078276769,0.297697135084639
457,-1460.43677395746,1.51079322979475,0.302389596799783
77,-1574.45306483401,1.54717340930538,0.140286373912978
460,-1460.62208410986,0.492383401161984,0.303669359085732
419,-1464.2310075008,0.0973808940875895,0.286179274511103
442,-1466.37668412453,0.243474524886958,0.295990785370041
463,-1460.44684925942,0.225050577644436,0.30494912137168
128,-1567.17957794362,3.44644831565624,0.162042332774102
184,-1510.92554235713,0.382365370470886,0.185931228778473
410,-1458.73778277472,0.14397242786676,0.282339987653257
420,-1459.03569711131,0.105569145734057,0.286605861939752
459,-1467.7834342126,0.189172440267754,0.303242771657082
187,-1551.17636390779,1.84011704297084,0.187210991064422
450,-1460.28860824977,0.0971170973842032,0.299403484799237
185,-1523.93560414143,3.7642525813388,0.186357816207123
437,-1457.79636355551,0.130347542599984,0.293857848226793
451,-1461.58290318602,0.408228673721378,0.299830072227886
133,-1580.95230997975,1.36307924852422,0.164175269917349
183,-1537.6753090809,3.39911821480712,0.185504641349824
436,-1461.66741450933,0.272762921882051,0.293431260798144
73,-1614.59318073902,6.78725357986387,0.13858002419838
78,-1632.77825051683,0.91315040762069,0.140712961341628
70,-1728.56494839572,42.1055478650061,0.137300261912432
126,-1545.08747699264,9.17996294134701,0.161189157916803
134,-1600.60431041239,27.4078390950304,0.164601857345999
22,-1646.98090678321,8.24385493209387,0.116824065337256
74,-1589.23631766898,1.88579213504761,0.13900661162703
25,-1671.58777885305,0.739596810347595,0.118103827623205
21,-1798.11713336368,18.1725403873748,0.116397477908607
186,-1520.3495209696,2.95321818319319,0.186784403635772
130,-1558.05542095865,4.21342374811555,0.162895507631401
124,-1585.90683161314,1.12978655193898,0.160335983059504
448,-1457.21325943596,0.122517626196071,0.298550309941938
553,-1465.08592431953,0.320300595441183,0.343341989950134
17,-1678.14267907244,33.5617588438883,0.114691128194009
129,-1545.23996335337,2.59751865507339,0.162468920202751
27,-1732.70785060859,13.3855915198914,0.118957002480504
69,-1602.77135230422,3.5525373311671,0.136873674483782
68,-1595.1579049672,2.56879541672137,0.136447087055133
551,-1470.8367324078,0.256343413845752,0.342488815092835
72,-1610.54646616569,0.948813101610281,0.138153436769731
440,-1459.22028734844,0.24332507963672,0.295137610512742
552,-1467.68355222515,0.480439687505458,0.342915402521484
438,-1462.45633468499,0.659088915190141,0.294284435655443
131,-1551.69481668075,1.75431156149599,0.16332209506005
79,-1596.92909413431,1.18546037710987,0.141139548770277
202,-1527.54155508097,10.6405867866032,0.193609802494164
201,-1509.60498576856,1.57181951802537,0.193183215065514
196,-1508.92233378277,1.68898272933582,0.191050277922267
195,-1524.52368101627,5.55990563214109,0.190623690493617
20,-1640.83236163324,7.1479385029759,0.115970890479957
194,-1514.45192090095,2.9747067475944,0.190197103064968
127,-1532.84001135044,2.43485556701583,0.161615745345452
71,-1663.66133943828,2.51574396841983,0.137726849341081
199,-1529.65990803272,0.544306898206161,0.192330040208215
19,-1687.45713448924,15.3368026871959,0.115544303051308
550,-1468.60811560835,0.117854564574223,0.342062227664185
198,-1501.21809391876,0.525061533063358,0.191903452779566
123,-1616.05498546143,1.57694808555253,0.159909395630854
75,-1608.35067433751,1.69336074834042,0.139433199055679
26,-1690.27509592597,2.50591635538514,0.118530415051854
193,-1561.29841105697,1.03686717611748,0.189770515636319
16,-1697.38819888997,9.50155407563881,0.114264540765359
192,-1515.67055716379,0.643217591699195,0.189343928207669
200,-1525.63883562463,0.705638448048615,0.192756627636865
125,-1569.62998410709,1.33867337092101,0.160762570488153
144,-1581.05652275219,0.938497699615622,0.168867731632494
203,-1550.7870331479,0.474457300486193,0.194036389922813
23,-1704.34904811994,15.5737167925957,0.117250652765906
28,-1664.61771487952,2.81669868791166,0.119383589909153
24,-1634.12461247209,7.35875540708331,0.117677240194555
197,-1568.38780002007,5.4751063786301,0.191476865350916
18,-1635.50400359041,6.25492230623376,0.115117715622658
191,-1556.46008149708,3.30656917381288,0.18891734077902
182,-1512.09613302727,2.5629743392149,0.185078053921174
181,-1514.6967808274,1.51425939767846,0.184651466492525
145,-1541.01076029841,0.647791165955799,0.169294319061143
142,-1547.32839882407,1.39595934793639,0.168014556775195
139,-1554.15756558235,0.926470809359672,0.166734794489246
141,-1562.42778819265,4.0219875213528,0.167587969346545
15,-1761.45622492888,2.47447659673728,0.11383795333671
135,-1546.94931699482,1.73702429742099,0.165028444774648
140,-1571.25023746481,0.944475718579142,0.167161381917896
143,-1572.09238884176,2.84705787526038,0.168441144203844
146,-1533.32731421259,5.98111803250314,0.169720906489793
138,-1553.2048016904,4.61377221411931,0.166308207060597
111,-1631.34569423432,2.42686030797891,0.154790346487061
119,-1553.9280918492,6.59922187636354,0.158203045916256
377,-1461.01508780601,0.347510796698206,0.268262602507824
136,-1553.59546096071,1.24039444574984,0.165455032203298
117,-1560.81688588822,5.23270153233462,0.157349871058957
118,-1581.5216267941,4.49602678695823,0.157776458487607
108,-1576.52618225422,1.04848303195088,0.153510584201112
114,-1667.93565803769,30.2039425635066,0.156070108773009
380,-1460.60362553419,0.41743989186692,0.269542364793773
231,-1508.02644277233,0.792224533488553,0.205980837924999
373,-1461.10821298211,0.198188222849697,0.266556252793226
378,-1460.30243585998,0.205128897060753,0.268689189936474
379,-1456.31087601808,0.302445155015894,0.269115777365123
234,-1493.87118935199,0.427229213563418,0.207260600210947
236,-1497.87507893877,0.713778701049652,0.208113775068246
375,-1462.0906399178,0.874860321668337,0.267409427650525
372,-1462.04448267952,0.133455880361545,0.266129665364577
376,-1456.62744264149,0.247883845120094,0.267836015079175
116,-1565.80421092151,0.868359668006617,0.156923283630308
110,-1575.26520708166,12.6678823475556,0.154363759058411
115,-1573.63209029164,1.0550527940985,0.156496696201659
431,-1456.6102269497,0.114599674488319,0.291298323654896
240,-1485.00455611027,0.394309871267403,0.209820124782844
137,-1557.24899755407,2.42695743867866,0.165881619631947
427,-1459.51088787262,0.213556688244128,0.289591973940298
230,-1513.99888597589,1.1953120525388,0.20555425049635
233,-1499.19807705037,0.401583173782711,0.206834012782298
112,-1556.30950514016,0.715531591293002,0.15521693391571
426,-1457.95694921781,0.208001106134158,0.289165386511649
370,-1455.66156723204,0.14046374394241,0.265276490507278
251,-1489.53348850876,0.324038248610821,0.214512586497989
429,-1462.19141079068,0.126488104189622,0.290445148797597
249,-1494.67989406639,1.80682008550736,0.21365941164069
247,-1498.76890720644,1.93695427761343,0.212806236783391
374,-1460.10035251155,0.273760067234132,0.266982840221876
228,-1497.87893003265,0.317147825219401,0.204701075639051
243,-1488.33956387295,0.505610765089856,0.211099887068793
428,-1457.24217415092,0.342127410533054,0.290018561368948
430,-1459.7011514165,0.155291763141295,0.290871736226247
435,-1459.51133948059,0.317835653755817,0.293004673369494
238,-1486.24333863391,0.227608157441841,0.208966949925545
239,-1495.16219150286,0.35552201083239,0.209393537354195
433,-1461.20358754379,0.208741617891459,0.292151498512195
425,-1459.94329386592,0.121762104780752,0.288738799082999
424,-1456.3797292701,0.211019259203068,0.28831221165435
242,-1494.0191040252,0.982769265395189,0.210673299640143
244,-1501.73596330685,0.463541556041767,0.211526474497442
237,-1485.97625129413,2.10091754256005,0.208540362496896
300,-1468.36665013594,0.134507940665215,0.235415370501814
299,-1470.45380868683,0.38826647496795,0.234988783073164
235,-1501.58787842817,0.265466953289943,0.207687187639597
107,-1581.66630448228,1.51392735290194,0.153083996772463
248,-1483.65686544795,0.135543019134616,0.21323282421204
252,-1490.55387692871,0.297488696744152,0.214939173926638
106,-1565.380527962,1.40322590753233,0.152657409343813
113,-1599.24719537349,1.81197161340787,0.15564352134436
250,-1500.59241365845,0.262854303176641,0.214085999069339
422,-1459.22675272166,0.205832297722592,0.287459036797051
246,-1506.2797411484,0.501476865859219,0.212379649354741
301,-1469.30015252749,0.230832159714517,0.235841957930463
434,-1461.7495550711,0.517546591187963,0.292578085940845
305,-1464.08486389587,0.14254253310083,0.237548307645061
297,-1480.6102325975,0.242309298395296,0.234135608215865
423,-1457.55222847686,0.187062273934201,0.287885624225701
245,-1491.76400241661,0.348464416150025,0.211953061926092
232,-1494.63372210708,0.23809111663315,0.206407425353649
109,-1581.06266980666,2.48050529112968,0.153937171629762
298,-1477.60319387603,0.661855661818514,0.234562195644515
253,-1490.81794779191,0.194335452614595,0.215365761355288
254,-1499.95657800256,0.355947474792942,0.215792348783937
296,-1468.3203690198,0.153217184989564,0.233709020787216
371,-1463.71657270983,0.233075758485492,0.265703077935927
302,-1476.02617844072,0.314365016663388,0.236268545359113
241,-1515.65531809245,0.741219636987821,0.210246712211494
432,-1457.51835928479,0.14590491463502,0.291724911083546
369,-1462.4811505609,0.486366941840382,0.264849903078628
295,-1482.45076064749,0.448267365878141,0.233282433358566
294,-1484.00220976922,0.280347527885349,0.232855845929917
306,-1470.9145481389,0.16758599867754,0.237974895073711
229,-1486.41294554801,0.312619522947755,0.2051276630677
303,-1465.13449447962,0.12219851779392,0.236695132787762
402,-1464.67380422238,0.362502737479134,0.278927288224061
304,-1478.81413708864,0.213902196769491,0.237121720216412
401,-1458.33584814481,0.190069392946115,0.278500700795412
400,-1456.4970009754,0.232382920837507,0.278074113366762
171,-1570.40174424962,6.97748081074495,0.18038559220603
407,-1457.55125884915,0.222843685427866,0.281060225367309
175,-1560.98999902195,0.763508979451857,0.182091941920628
176,-1530.8132033879,1.75484138978618,0.182518529349277
293,-1479.34264673375,0.28168574307584,0.232429258501267
406,-1461.34790963126,0.228742888508175,0.280633637938659
172,-1557.77716569919,13.4228674445483,0.180812179634679
227,-1513.17976781206,0.410253943481775,0.204274488210401
398,-1459.59096415538,0.128280685600959,0.277220938509463
177,-1525.84299244062,2.96225953777309,0.182945116777927
396,-1462.24630945611,0.124964036878106,0.276367763652164
399,-1455.93003726487,0.259738899111761,0.277647525938113
404,-1455.48735929313,0.114929350926362,0.27978046308136
403,-1458.14025343979,0.139695125016509,0.279353875652711
166,-1539.89604438796,4.68291900981399,0.178252655062782
405,-1464.59654932488,0.315064533639756,0.28020705051001
165,-1521.56870837879,1.29865971062665,0.177826067634133
170,-1523.38661568143,0.806783477343582,0.17995900477738
167,-1555.15027531788,1.21386895955972,0.178679242491432
164,-1544.11834595688,2.44111001777555,0.177399480205483
173,-1528.00744043995,0.585087988509464,0.181238767063329
174,-1535.31592332346,4.32791929346181,0.181665354491978
397,-1458.52918868287,0.295284404312927,0.276794351080814
394,-1457.66941860036,0.240343963424223,0.275514588794865
169,-1514.23194252251,0.508104544849839,0.179532417348731
13,-1670.82075553193,2.5553473935323,0.112984778479411
395,-1460.02559488899,0.347089946630497,0.275941176223515
10,-1655.15483847768,1.41979251638501,0.111705016193462
7,-1675.14532194437,17.3499064486451,0.110425253907514
12,-1679.80360423745,9.95980810659353,0.112558191050761
5,-1783.57136406903,1.45038891341842,0.109572079050215
99,-1610.79584275344,9.8842978381585,0.149671297343267
3,-1645.39013650117,2.36477490816819,0.108718904192916
8,-1720.29382680748,7.0551697006009,0.110851841336163
4,-1691.84975562129,4.78403682261543,0.109145491621565
14,-1705.57207255185,1.97763799814428,0.11341136590806
97,-1570.8923867506,1.54568523019596,0.148818122485968
2,-1768.92014409254,7.6571055400733,0.108292316764266
9,-1626.05627076906,9.57020152389459,0.111278428764813
96,-1588.35836677263,1.87864969480346,0.148391535057318
6,-1670.69556040206,13.9957759070689,0.109998666478864
95,-1571.59520266211,0.802020135240244,0.147964947628669
93,-1562.66064085816,3.86084476160548,0.14711177277137
104,-1599.52872828062,7.75632686257735,0.151804234486514
100,-1610.11953384259,3.51992316153542,0.150097884771916
101,-1571.74417236313,2.74633657740813,0.150524472200566
11,-1701.42447260327,0.934038394228931,0.112131603622112
102,-1589.62537816567,10.4352672985957,0.150951059629215
1,-1681.3149148039,27.5067490852343,0.107865729335617
98,-1585.58108801758,0.690685863763357,0.149244709914617
92,-1569.68458735894,0.927542021203917,0.14668518534272
105,-1579.41253860689,0.91239974283379,0.152230821915164
94,-1592.53307314657,1.15470387206245,0.147538360200019
103,-1608.37226789933,1.44432173556701,0.151377647057865
562,-1467.56085031727,0.534512607747943,0.347181276807979
561,-1465.13708705411,0.302011853750606,0.34675468937933
563,-1468.70549525551,0.274504229937994,0.347607864236629
560,-1468.90669860308,0.192868233770872,0.34632810195068
572,-1467.8432496211,0.137215813913923,0.351447151094474
559,-1467.22728354468,0.240623432484917,0.345901514522031
558,-1464.54560015502,0.360401460250464,0.345474927093381
569,-1465.85520556446,0.19490969744398,0.350167388808526
573,-1470.00956126764,0.368006367560533,0.351873738523124
564,-1467.56097213627,0.92124315593824,0.348034451665278
565,-1469.30622235522,1.01751216607645,0.348461039093928
576,-1470.91542235651,0.436529998259398,0.353153500809072
555,-1468.02335598968,1.59962523907873,0.344195164807433
570,-1466.6346263295,0.239822798243731,0.350593976237175
575,-1474.3981521999,0.959237517969849,0.352726913380423
556,-1463.48249569453,0.354339982473218,0.344621752236082
568,-1465.22825362435,0.269881355506217,0.349740801379876
567,-1465.16879443874,0.720515782021242,0.349314213951227
566,-1466.07463469392,0.271368544020373,0.348887626522577
554,-1485.06629728126,0.491501884391783,0.343768577378783
574,-1466.43504403151,0.631964673520035,0.352300325951773
571,-1470.79173332901,0.359838284937765,0.351020563665825
557,-1474.60516336139,0.317333278888497,0.345048339664732
577,-1471.26251652628,0.506669752152262,0.353580088237722
161,-1561.5011151006,2.30272855481639,0.176119717919535
154,-1530.65520008793,1.096244905061,0.173133605918989
158,-1555.45569794898,1.85855231176384,0.174839955633586
157,-1531.64438282137,0.797618602692912,0.174413368204937
152,-1536.50062801214,1.10072506665459,0.17228043106169
160,-1525.38917059136,3.98645779533055,0.175693130490885
153,-1567.36197429127,1.66400755874772,0.172707018490339
151,-1558.21819768976,0.648115392577578,0.17185384363304
163,-1518.34636261729,0.73676196922844,0.176972892776834
159,-1543.54217812614,0.704169742686665,0.175266543062236
155,-1550.68651662392,1.23615042238044,0.173560193347638
162,-1566.35716786485,1.23640535867192,0.176546305348184
150,-1534.15905645483,0.85479581281388,0.171427256204391
156,-1533.87590422941,0.687576197685646,0.173986780776287
601,-1469.5801859777,0.453532601221634,0.363818186525309
593,-1463.30001599382,0.174162126936254,0.360405487096113
596,-1476.02586226379,1.02509888962198,0.361685249382062
598,-1469.126898178,0.181855253259096,0.362538424239361
599,-1476.67107923251,4.17146334456122,0.36296501166801
597,-1468.82815243453,1.97743273862919,0.362111836810711
600,-1473.073497681,1.16321456835812,0.36339159909666
595,-1470.82608212762,0.26706890315664,0.361258661953412
590,-1468.91935839121,0.285414079724629,0.359125724810165
592,-1475.03878047586,0.522171428507702,0.359978899667464
591,-1468.84399188231,0.36828476463111,0.359552312238814
594,-1464.83236188528,0.199334839342165,0.360832074524763
585,-1468.50213704377,0.1727230099405,0.356992787666917
583,-1467.06958321689,0.34470856117731,0.356139612809618
578,-1469.91418566297,0.247209964343411,0.354006675666371
587,-1472.90234601687,0.169216449173904,0.357845962524216
586,-1477.41392998576,0.691254366266064,0.357419375095567
588,-1472.38897736678,1.39517266894468,0.358272549952866
580,-1463.71599650323,0.354548532541566,0.35485985052367
579,-1469.64770226425,0.170694797043901,0.35443326309502
584,-1470.18057317582,0.752907247640381,0.356566200238268
582,-1464.30498991554,0.190341832995572,0.355713025380969
589,-1468.06454231081,0.366759885420247,0.358699137381515
581,-1466.24562925921,0.671927608179546,0.35528643795232
31,-1627.28805511483,3.85754095205162,0.120663352195102
168,-1527.17932674517,0.693157933323408,0.179105829920081
603,-1468.73613284829,0.309066980272552,0.364671361382608
604,-1469.88707387211,0.2360515322938,0.365097948811258
605,-1469.29496285993,0.58403742018464,0.365524536239907
602,-1466.62149862133,0.303532458172277,0.364244773953959
225,-1502.5663083827,0.776896673653347,0.203421313353102
625,-1470.06297734036,0.54164281560179,0.374056284812897
624,-1473.97711149072,0.494353923897882,0.373629697384247
627,-1467.82770885573,0.103254160473602,0.374909459670196
622,-1471.98620450231,0.383333249053834,0.372776522526948
623,-1467.38363750022,2.3045791862141,0.373203109955598
620,-1468.13670121419,0.217791298867477,0.371923347669649
626,-1466.23018874112,0.346583917459279,0.374482872241546
628,-1466.98083320754,0.244040237306966,0.375336047098845
629,-1470.38007744192,1.14891823857148,0.375762634527495
618,-1468.10104065851,0.408521338386092,0.37107017281235
621,-1486.37293826794,3.31110486694316,0.372349935098299
619,-1470.39720162095,0.507330364583209,0.371496760241
639,-1468.23303726911,0.409930677805303,0.38002850881399
637,-1470.78519411392,0.0915587558918989,0.379175333956691
634,-1468.8646377201,0.172834524842841,0.377895571670742
636,-1466.73212847667,0.234152406609227,0.378748746528041
638,-1467.84851738188,0.51506088455313,0.37960192138534
632,-1468.80823072554,0.27105632307717,0.377042396813443
640,-1479.38832052289,1.02871816809909,0.380455096242639
631,-1467.78523040334,0.2589429545373,0.376615809384794
635,-1471.6199243873,0.68645100061083,0.378322159099392
633,-1473.46211800352,1.4417428609248,0.377468984242093
630,-1469.82141149647,0.670155067313702,0.376189221956144
641,-1476.7169106983,0.246087923729729,0.380881683671289
613,-1469.82063695813,0.446852381750772,0.368937235669103
615,-1468.55143577036,0.33832116149251,0.369790410526402
612,-1474.47594265662,0.189238778504581,0.368510648240454
614,-1470.20822526639,0.367383066881733,0.369363823097753
610,-1464.93087163067,0.207797824653105,0.367657473383155
616,-1475.49111052894,0.701580462168748,0.370216997955052
611,-1468.83475100319,0.378103643000743,0.368084060811804
617,-1468.36703893654,0.239016405493668,0.370643585383701
608,-1465.77960652727,0.257600646066039,0.366804298525856
609,-1466.94384471657,0.253285889897243,0.367230885954505
606,-1465.48367785152,0.346628497307347,0.365951123668557
607,-1466.48220813782,0.200866896365915,0.366377711097206
656,-1467.72310653726,1.25369841543045,0.387280495101031
655,-1469.11559505612,0.146929082475422,0.386853907672382
652,-1467.91255313603,0.48458813946296,0.385574145386433
653,-1480.50760774489,0.751073701818716,0.386000732815083
658,-1467.74047877456,0.198459577970175,0.38813366995833
648,-1469.48143813281,0.431193019458332,0.383867795671835
651,-1470.83764751153,0.975481957940371,0.385147557957784
661,-1470.98120589579,0.290196725240675,0.389413432244278
647,-1474.38328998114,0.676219815305259,0.383441208243186
659,-1473.93190927422,0.731788623354042,0.388560257386979
654,-1468.50149935087,0.258384050331283,0.386427320243732
662,-1475.730854849,0.937060768861977,0.389840019672928
664,-1466.20403605016,0.323371333354628,0.390693194530227
650,-1469.34659262274,0.306069742022635,0.384720970529134
645,-1472.98846078399,0.466698366295083,0.382588033385887
660,-1472.96886343486,0.256592071786525,0.388986844815629
649,-1467.75259686881,0.354758009168962,0.384294383100485
665,-1474.44637784155,0.127105932279575,0.391119781958876
657,-1471.2078037198,0.420426061157205,0.387707082529681
643,-1475.11923599517,0.183754696367496,0.381734858528588
646,-1469.24596246489,0.185742449925851,0.383014620814536
663,-1468.26927308961,0.365513919877009,0.390266607101577
642,-1477.09358944545,0.660637784819638,0.381308271099938
644,-1472.58757983267,0.3268593671348,0.382161445957237
226,-1513.13121917128,1.39065984390858,0.203847900781752
223,-1524.80172353687,0.641671565900762,0.202568138495803
206,-1508.0528167115,0.390575074430392,0.195316152208762
204,-1504.0256673827,0.347128452659995,0.194462977351463
224,-1525.27333087509,0.582998302282806,0.202994725924453
205,-1510.41759007086,0.479090207178263,0.194889564780112
678,-1468.2678300832,0.269052171740445,0.39666541853132
671,-1471.19049009503,0.236063979436442,0.393679306530773
673,-1468.82456173046,0.256697578393724,0.394532481388072
679,-1470.7916948121,0.428238770172341,0.397092005959969
672,-1477.06764667493,0.245749975147567,0.394105893959423
674,-1465.3546144369,0.272186725562898,0.394959068816722
1000,-1472.02701853736,0.409523670166502,0.534026570556455
669,-1466.56950491941,0.161226359204066,0.392826131673474
676,-1467.08561471458,0.295736120078502,0.395812243674021
668,-1474.25747619527,0.113088711932833,0.392399544244825
675,-1471.9092710478,0.206907639448454,0.395385656245371
670,-1467.96174381102,0.290334557685046,0.393252719102124
677,-1472.90909831013,1.15930043799748,0.39623883110267
667,-1472.5823856159,0.255724694529402,0.391972956816175
666,-1467.91314649666,0.234513409943385,0.391546369387526
993,-1476.80744971804,0.3200563564235,0.531040458555908
681,-1475.38525425482,0.355313417148207,0.397945180817268
680,-1470.50100505777,0.533139792463393,0.397518593388619
684,-1467.29013706575,0.289045021453239,0.399224943103217
685,-1466.95766765755,0.325161039533825,0.399651530531866
687,-1468.00449121814,0.228320219970927,0.400504705389165
683,-1472.09093215498,0.337980990547878,0.398798355674567
691,-1468.02677206124,0.164090423282869,0.402211055103763
706,-1469.10159867344,0.227126613800687,0.408609866533505
799,-1473.22600103638,0.43480487375388,0.448282497397908
682,-1468.06572148998,0.285237160815644,0.398371768245918
712,-1469.664944354,1.73088748951506,0.411169391105402
723,-1471.05026336838,0.324759912973568,0.415861852820547
689,-1466.44655359625,0.438098798084525,0.401357880246464
731,-1471.35386258341,0.953636909493856,0.419274552249743
809,-1473.90869613704,0.743600602631196,0.452548371684403
688,-1473.01722824842,0.366091467097377,0.400931292817815
692,-1476.01206367362,0.891622778426667,0.402637642532413
693,-1472.59392259895,0.173788474303818,0.403064229961062
697,-1470.00555444731,0.116895095236356,0.40477057967566
690,-1469.8828694259,0.270352565395633,0.401784467675114
843,-1470.25790558722,0.233716803180156,0.467052344258485
699,-1468.8271543027,0.190844496808088,0.405623754532959
704,-1475.53727094636,0.415378985568706,0.407756691676206
722,-1474.55101266293,0.181477407510666,0.415435265391897
702,-1474.75253227122,0.304418824092977,0.406903516818907
716,-1471.79334945143,0.178817572516843,0.41287574082
709,-1472.38547397848,0.33406413837825,0.409889628819454
730,-1476.62526224989,0.47389347072402,0.418847964821093
717,-1475.35078688346,0.687272925612398,0.41330232824865
748,-1475.36159590559,0.494387553004769,0.426526538536784
727,-1483.48070817886,0.559249901349529,0.417568202535145
725,-1467.18313892207,0.275087550009771,0.416715027677846
694,-1468.88198354432,0.131085286764666,0.403490817389711
708,-1472.93877949996,0.555863395542777,0.409463041390804
732,-1473.45207690024,0.196964741762997,0.419701139678392
707,-1468.47304180548,0.175635100103038,0.409036453962155
714,-1468.68188970134,0.327399251720093,0.412022565962701
718,-1472.28795848077,0.43568673984303,0.413728915677299
737,-1468.12643920943,0.176152422839411,0.421834076821639
710,-1473.25879474603,0.59469687632238,0.410316216248103
855,-1467.89651817653,0.125599604741161,0.472171393402279
749,-1477.9042850756,0.328697661233019,0.426953125965433
686,-1470.06436703364,2.6240347515282,0.400078117960516
750,-1469.65120048038,0.548545702511574,0.427379713394083
745,-1470.78195875785,0.333910226678816,0.425246776250835
713,-1473.24775010996,2.29927640760334,0.411595978534052
738,-1477.63179878141,0.838479889732011,0.422260664250289
724,-1474.19914884938,0.399794273755019,0.416288440249196
720,-1470.26811809622,0.54176633394347,0.414582090534598
721,-1473.88975781933,0.374373801373988,0.415008677963248
756,-1473.66407653029,0.483575049557985,0.42993923796598
715,-1470.12473890973,0.506240041803979,0.412449153391351
743,-1472.78063092573,0.276925612330644,0.424393601393536
794,-1473.90571328476,0.131425910676202,0.44614956025466
696,-1470.97633337687,0.434055886340118,0.404343992247011
753,-1467.18483256744,0.305105473087554,0.428659475680031
729,-1468.8076850797,0.199185479000461,0.418421377392444
758,-1477.09750409897,0.479568697075375,0.430792412823279
754,-1468.63684080617,0.80640515582999,0.429086063108681
780,-1471.72333942217,0.331983538244273,0.440177336253567
719,-1468.50613464,0.300559538542388,0.414155503105949
781,-1472.13303245551,0.275837683143357,0.440603923682217
760,-1470.13478119578,0.323490162244552,0.431645587680578
757,-1477.0206274038,0.359233201884038,0.430365825394629
788,-1477.5533675706,1.02086746334917,0.443590035682763
742,-1471.41391186815,0.105634362960936,0.423967013964887
763,-1471.02741396469,0.155610410138122,0.432925349966526
762,-1468.279300954,0.270448453040169,0.432498762537877
741,-1475.11882305013,0.486458071928827,0.423540426536237
840,-1482.26399640061,0.604121212268691,0.465772581972537
766,-1468.60062551019,0.418616482880952,0.434205112252475
838,-1473.3411859497,0.186448666591863,0.464919407115238
752,-1476.08505461333,0.895449055314591,0.428232888251382
761,-1472.76269107252,0.334186985974411,0.432072175109227
842,-1470.56213232929,0.49203780160979,0.466625756829836
755,-1468.51215477646,0.362898493680945,0.42951265053733
779,-1475.20356494951,0.591374316308822,0.439750748824918
848,-1474.44072595966,0.317594410028741,0.469185281401732
836,-1473.35883436052,0.293732696820831,0.464066232257939
800,-1484.47698422073,0.884649401535062,0.448709084826557
837,-1469.7600550932,0.221411784410525,0.464492819686588
728,-1475.50205992251,1.00157514146841,0.417994789963794
826,-1474.20242888921,1.80322081768268,0.459800357971444
873,-1476.45352165814,0.428702298065742,0.47984996711797
705,-1473.12557375943,0.402951320639059,0.408183279104856
817,-1470.14507478032,0.232244261639272,0.455961071113598
700,-1469.7151094281,0.305542798963796,0.406050341961608
867,-1470.57792764987,0.17551137048629,0.477290442546073
870,-1469.14857714016,0.436733188340614,0.478570204832021
695,-1466.32014863869,0.453881640340427,0.403917404818361
819,-1474.54484410118,0.158990391217764,0.456814245970897
841,-1469.24404641846,0.454760106097717,0.466199169401186
787,-1479.41026307519,2.53382427169841,0.443163448254114
868,-1477.45377487945,0.330662576875453,0.477717029974722
802,-1470.8759281209,0.342798738358807,0.449562259683856
698,-1472.90495929472,0.138995866025112,0.405197167104309
816,-1470.54856549054,0.490044482307338,0.455534483684949
878,-1469.05055825746,0.305616982339939,0.481982904261217
701,-1470.23957643068,0.211408012229555,0.406476929390258
823,-1475.21763078581,0.424857770025555,0.458520595685495
887,-1492.99232889582,0.694431926380385,0.485822191119062
824,-1470.78683445647,0.261782854839314,0.458947183114145
812,-1474.4578920559,0.418339560031081,0.453828133970351
726,-1473.25267714926,0.339878255386393,0.417141615106495
813,-1474.80942978085,0.443483080526128,0.454254721399
736,-1471.2307426221,0.302015235508618,0.42140748939299
818,-1478.62446685585,0.448421678554935,0.456387658542248
751,-1472.34706708078,0.358783047436378,0.427806300822732
801,-1476.59331897088,0.487392497080964,0.449135672255207
806,-1479.76926263512,0.482343544651182,0.451268609398454
877,-1469.03732649159,0.215229756858123,0.481556316832568
862,-1470.62489726319,1.27220390270639,0.475157505402825
883,-1473.50568577377,0.600770713861881,0.484115841404465
882,-1472.84426726817,0.32282253822283,0.483689253975815
906,-1475.89021629484,2.97546381907122,0.493927352263403
820,-1472.17673600258,0.399451055413975,0.457240833399547
735,-1470.49042360235,0.14042906147021,0.42098090196434
827,-1469.72836648205,0.250087549127744,0.460226945400093
846,-1468.47848813793,0.413022534738365,0.468332106544434
711,-1474.25208817393,0.413802594012074,0.410742803676753
892,-1473.59658702302,0.144775098217653,0.48795512826231
773,-1473.63155806762,0.155750673324957,0.437191224253021
859,-1468.49087672428,0.185212063235233,0.473877743116877
895,-1481.2294056995,0.581419916117956,0.489234890548258
845,-1475.51087937207,0.47272893643997,0.467905519115784
831,-1473.21715556695,3.01206242656128,0.461933295114691
880,-1477.90581986271,0.937288252987227,0.482836079118516
871,-1471.00813641113,0.101573102989101,0.478996792260671
814,-1471.31296524474,0.328059484394218,0.45468130882765
825,-1475.28976859991,1.7741023862416,0.459373770542794
861,-1478.76259508633,0.902407333078101,0.474730917974176
903,-1470.03727729078,0.336247205116495,0.492647589977454
793,-1471.52917994403,0.309921131614648,0.445722972826011
744,-1475.69700654421,0.284158713429462,0.424820188822186
839,-1474.22430074434,0.624344098552184,0.465345994543887
890,-1471.68298282102,0.290983588755269,0.487101953405011
849,-1468.1378256016,1.13177336080559,0.469611868830382
930,-1471.3161632463,0.521632082100367,0.50416545055099
828,-1484.51285079815,0.505394260249585,0.460653532828743
852,-1473.97429242314,2.88323513440494,0.47089163111633
893,-1467.37541378426,1.70728225335456,0.488381715690959
774,-1472.6456910704,0.224311625460083,0.43761781168167
772,-1475.95905379679,0.106755437687705,0.436764636824371
879,-1473.32389826421,0.664408758520425,0.482409491689867
739,-1471.9578425169,0.315911931994185,0.422687251678938
776,-1469.48565360539,0.192254869895455,0.438470986538969
894,-1468.94761403991,0.490302209773091,0.488808303119609
904,-1472.60523260437,0.410485969120173,0.493074177406104
811,-1474.39057836128,1.00501939871411,0.453401546541702
865,-1476.80661935983,0.418253979116449,0.476437267688774
747,-1477.77423454047,0.452798533821534,0.426099951108134
775,-1475.69216461575,0.620366839522461,0.43804439911032
805,-1468.85819833116,0.221932445152708,0.450842021969805
765,-1476.07388865701,0.674646966340158,0.433778524823825
869,-1475.08519673324,0.312574769105169,0.478143617403372
792,-1469.2326104939,0.514603407937205,0.445296385397361
759,-1469.50789610713,0.293636605416652,0.431219000251928
901,-1475.2776426405,0.720970835494603,0.491794415120155
777,-1469.56886436455,0.246477511040663,0.438897573967619
764,-1468.56510165357,0.287467858191929,0.433351937395176
791,-1468.78501118742,0.608263697420815,0.444869797968712
785,-1467.84209213305,0.196843432381866,0.442310273396815
740,-1468.85558640851,1.04023308160822,0.423113839107588
810,-1474.05808738202,1.30888796721158,0.452974959113052
786,-1476.61547732581,0.251251354583107,0.442736860825464
851,-1469.71565225567,2.46987668852782,0.470465043687681
881,-1470.83169629116,0.61887233003521,0.483262666547166
771,-1470.95084983949,0.650366631187075,0.436338049395722
988,-1472.9794865941,0.401583999072613,0.528907521412661
798,-1473.49872216709,0.263430283244281,0.447855909969258
778,-1471.39875384588,0.464690264612502,0.439324161396268
807,-1468.0701366081,0.305306386437025,0.451695196827104
844,-1472.28912790568,0.295842184266103,0.467478931687135
987,-1470.86998160324,0.514390988992158,0.528480933984011
789,-1472.1162897699,0.170985004062907,0.444016623111413
784,-1471.63760710181,0.321992978883343,0.441883685968165
767,-1472.44817671613,0.251221476829908,0.434631699681124
796,-1465.77868401403,0.16056029611082,0.447002735111959
891,-1479.28005346184,0.537396988771315,0.48752854083366
815,-1472.39150503399,0.833421172036614,0.455107896256299
790,-1471.62763179455,0.360179740423582,0.444443210540062
734,-1472.09639274883,0.423093493955325,0.420554314535691
797,-1471.68271747062,0.27110356465914,0.447429322540609
746,-1474.01378354118,0.246178066569907,0.425673363679485
808,-1475.95968795728,0.50847304970035,0.452121784255753
858,-1471.19465817314,0.34430630656183,0.473451155688227
795,-1469.51504036728,0.427709585470889,0.44657614768331
986,-1468.54016755709,0.897066964598423,0.528054346555362
770,-1470.81364199597,0.329987242926002,0.435911461967073
898,-1467.48812624351,0.218852482534878,0.490514652834207
783,-1489.60490060295,1.05458555358058,0.441457098539516
972,-1480.27414049954,0.534574632447975,0.522082122554269
782,-1470.0361220528,0.344919426901815,0.441030511110866
922,-1497.28612484635,0.676634180349207,0.500752751121795
832,-1471.66798032802,0.483503882872828,0.462359882543341
919,-1477.13861088971,0.0951381649958789,0.499472988835846
912,-1469.4744337442,0.539837975404796,0.4964868768353
833,-1480.67392669936,0.810770036355813,0.46278646997199
804,-1471.90229706152,0.280834456477176,0.450415434541155
926,-1475.16436156582,0.443232030740768,0.502459100836393
996,-1480.90305297173,0.77777411206034,0.532320220841857
897,-1474.74691547486,0.273936888583789,0.490088065405557
853,-1476.26567005823,0.135029698778457,0.47131821854498
982,-1476.1269511967,0.293694293258915,0.526347996840764
997,-1471.0047697692,0.129320512917405,0.532746808270506
830,-1470.7607017961,1.29008643852706,0.461506707686042
910,-1476.09013138808,0.480629006600933,0.495633701978001
829,-1478.14114217481,0.709459685960525,0.461080120257392
835,-1469.11679018865,0.238544779636652,0.463639644829289
979,-1475.64398400754,0.776342132296458,0.525068234554815
920,-1477.95462446851,0.710869193861398,0.499899576264496
914,-1469.91329494449,0.601140394171983,0.497340051692599
981,-1474.13861906767,0.467211373000701,0.525921409412114
918,-1471.80367244975,0.243636484583228,0.499046401407197
991,-1481.32123372398,0.480127195627567,0.530187283698609
821,-1472.16810345472,0.322964715071144,0.457667420828196
915,-1474.28269361134,0.296456778969998,0.497766639121248
940,-1473.7992512372,1.05908665869983,0.508431324837485
863,-1483.33924384129,0.386979017038068,0.475584092831475
768,-1473.75695379432,0.27486845522511,0.435058287109774
850,-1490.94636426235,1.80205903904591,0.470038456259032
999,-1470.38430050376,0.203320200193813,0.533599983127805
921,-1471.79954178189,0.463705475162093,0.500326163693145
856,-1470.26544873526,0.29409236308748,0.472597980830928
917,-1470.037767738,0.341661806760609,0.498619813978547
943,-1473.33474203962,0.252775967522058,0.509711087123434
854,-1470.27898455839,0.682061101837244,0.471744805973629
923,-1474.43133504184,0.594571462022083,0.501179338550444
834,-1474.07967639449,0.390983167430419,0.46321305740064
953,-1468.7688368862,0.278134830084302,0.513976961409929
822,-1470.87307093222,0.373902402105728,0.458094008256846
998,-1472.6471080874,0.516281947863774,0.533173395699156
947,-1476.1180545239,0.443855212555912,0.511417436838032
875,-1478.54035246995,1.55065248152079,0.480703141975269
935,-1466.72640968231,0.234815067982891,0.506298387694238
932,-1470.84703322129,0.213432444380113,0.505018625408289
924,-1473.43411084356,0.363281670947319,0.501605925979093
925,-1467.77088906406,0.434346983284643,0.502032513407743
977,-1473.5122822219,0.188651774336451,0.524215059697516
864,-1477.2734760316,0.338562924771527,0.476010680260124
936,-1469.37336219877,0.304226131672984,0.506724975122887
971,-1469.3242436976,0.268139015220155,0.521655535125619
978,-1479.42772328759,0.74477357827677,0.524641647126166
950,-1473.33606833672,0.534671093759386,0.51269719912398
860,-1475.73789126175,0.461816290309184,0.474304330545526
884,-1475.61944998981,0.352743364064471,0.484542428833114
931,-1469.65000217825,0.167736345940188,0.50459203797964
976,-1486.5285166034,0.390084548280333,0.523788472268867
955,-1477.54101665985,1.09764714029477,0.514830136267228
872,-1471.36901664843,0.343707998099509,0.47942337968932
876,-1472.7483574969,0.287515865236219,0.481129729403918
951,-1471.03529282036,0.276806252967193,0.51312378655263
939,-1474.84690380065,1.41053419775969,0.508004737408836
909,-1469.79401680645,0.527464148227863,0.495207114549351
945,-1470.13710084533,1.45345825574825,0.510564261980733
857,-1474.66653741427,0.837339321672083,0.473024568259578
874,-1471.3229852474,2.32350347629106,0.480276554546619
769,-1478.92319971863,0.812367041408804,0.435484874538423
885,-1474.76438373134,0.706797299635119,0.484969016261764
984,-1469.13697245769,2.09610988270678,0.527201171698063
948,-1471.64977284976,1.45679447655916,0.511844024266681
866,-1468.36192773919,0.201469790568963,0.476863855117423
990,-1470.31968140028,0.187185309258698,0.52976069626996
934,-1474.17573900942,0.311209185542605,0.505871800265588
888,-1474.62690379198,1.40931934739373,0.486248778547712
954,-1471.26592401933,0.572776631150128,0.514403548838578
983,-1473.4647519041,0.349938220897888,0.526774584269413
985,-1472.15050906903,0.857096281398034,0.527627759126712
886,-1474.06419446171,0.485511519503261,0.485395603690413
994,-1478.14146663508,0.293727976728281,0.531467045984558
847,-1475.32147314712,0.520426156490111,0.468758693973083
995,-1481.42811376977,0.651877817704786,0.531893633413207
938,-1475.43762962917,0.318178956504109,0.507578149980186
942,-1471.67531355546,0.756939218773146,0.509284499694784
946,-1477.52349765411,1.48562785741282,0.510990849409382
992,-1470.39171369584,0.502911973478833,0.530613871127259
933,-1470.25762672431,0.352010689412302,0.505445212836939
956,-1469.84897994611,0.442078982580062,0.515256723695877
944,-1484.92304399502,0.551179306356045,0.510137674552083
974,-1472.02788099821,0.885803646888422,0.522935297411568
941,-1470.58997647792,0.408207103446384,0.508857912266135
975,-1474.38640175564,2.82896554999584,0.523361884840217
957,-1475.14942215486,2.71117590413537,0.515683311124527
973,-1474.39337133535,0.52616706212483,0.522508709982918
980,-1481.95551946348,1.21884803128018,0.525494821983465
958,-1485.23435720675,1.36146177710939,0.516109898553176
889,-1479.50709401765,0.329631016501297,0.486675365976361
949,-1471.62143194548,0.98442842789513,0.512270611695331
899,-1472.29033867811,0.161101339885862,0.490941240262856
907,-1470.74750878614,0.284413599276211,0.494353939692052
916,-1473.51601780073,0.352215454334615,0.498193226549898
911,-1470.33711934322,0.313784251000843,0.49606028940665
900,-1472.64595510539,0.442348513891954,0.491367827691506
896,-1472.34592069173,1.28700713178675,0.489661477976908
905,-1475.59144174423,2.26787239931438,0.493500764834753
928,-1470.60943349371,0.227483100246855,0.503312275693691
902,-1467.07551919436,0.452045080808671,0.492221002548805
913,-1485.34678658639,1.70394122789012,0.496913464263949
929,-1473.5725160084,0.732584995670841,0.503738863122341
962,-1478.6808098035,0.465864991298754,0.517816248267774
968,-1471.36043641113,0.387850381686941,0.520375772839671
963,-1472.47165485792,0.696501594604077,0.518242835696423
965,-1474.2105296771,1.72193029672851,0.519096010553723
927,-1479.44272185963,0.570195994766883,0.502885688265042
967,-1473.41302264714,0.354791942766995,0.519949185411021
966,-1470.22526701157,0.190110854830532,0.519522597982372
964,-1471.03003759705,0.324610876093188,0.518669423125073
952,-1469.16960563489,0.118481074832791,0.513550373981279
961,-1470.70795949308,0.19264244692905,0.517389660839125
969,-1472.83610048747,0.441773308608341,0.52080236026832
960,-1471.47285229668,0.192391234694925,0.516963073410475
937,-1473.85579786541,0.397045614329655,0.507151562551537
989,-1473.3903918128,0.728484073156105,0.52933410884131
970,-1483.93554409384,0.874752207902896,0.52122894769697
803,-1470.74419002287,0.408142112430398,0.449988847112506
959,-1469.38148425816,0.21933103359153,0.516536485981826
703,-1472.3222489336,0.476544581821202,0.407330104247557
733,-1473.05667784697,1.867244438268,0.420127727107041
908,-1471.80215505453,1.99655762061881,0.494780527120702
